stream,baseline,candidate,candidate_label,metric,source_metric,transform,n_seeds_declared,n_pairs,n_skipped,baseline_mean_paired,candidate_mean_paired,mean_diff,median_diff,sd_diff,min_diff,max_diff,n_positive,n_negative,n_zero,ci_lo,ci_hi,ci_method,bootstrap_resamples,bootstrap_seed,note
synb2b,M5_legacy,M0,STATIC,bias_ratio_warm,bias_ratio_warm,identity,20,0,,,,,,,,,,,,,,,,,per_seed unavailable -- no paired difference computed (candidate M0: per_seed unavailable for 'bias_ratio_warm' (n=0)). Not backfilled with a difference of means.
synb2b,M5_legacy,M0,STATIC,bias_ratio_warm_abs_dev_from_target,bias_ratio_warm,abs(x - 1),20,0,,,,,,,,,,,,,,,,,per_seed unavailable -- no paired difference computed (candidate M0: per_seed unavailable for 'bias_ratio_warm' (n=0)). Not backfilled with a difference of means.
synb2b,M5_legacy,M0,STATIC,for_overall,for_overall,identity,20,20,0,0.02067945892408591,0.02480925780781156,0.004129798883725649,0.004089251899444269,0.0005112383668323583,0.003457526990923835,0.0049972381812079004,20,0,0,0.003915567563358404,0.00434096179520545,95% percentile bootstrap over seed-level differences,10000,3328074224,
synb2b,M5_legacy,M0,STATIC,quiet_for,quiet_for,identity,20,20,0,0.012421094677870404,0.017366455686446795,0.00494536100857639,0.004925513315032829,0.0006090585175416685,0.0040353732221093085,0.00623285615948233,20,0,0,0.004696366126062084,0.0052077452700367444,95% percentile bootstrap over seed-level differences,10000,899978636,
synb2b,M5_legacy,M0,STATIC,flag_precision,flag_precision,identity,20,0,,,,,,,,,,,,,,,,,per_seed unavailable -- no paired difference computed (candidate M0: per_seed unavailable for 'flag_precision' (n=0)). Not backfilled with a difference of means.
synb2b,M5_legacy,M0,STATIC,flag_recall,flag_recall,identity,20,0,,,,,,,,,,,,,,,,,per_seed unavailable -- no paired difference computed (candidate M0: per_seed unavailable for 'flag_recall' (n=0)). Not backfilled with a difference of means.
synb2b,M5_legacy,M0,STATIC,flag_balanced_acc,flag_balanced_acc,identity,20,0,,,,,,,,,,,,,,,,,per_seed unavailable -- no paired difference computed (candidate M0: per_seed unavailable for 'flag_balanced_acc' (n=0)). Not backfilled with a difference of means.
synb2b,M5_legacy,M0,STATIC,review_demand_rate,review_demand_rate,identity,20,20,0,0.022866875000000002,0.048678125,0.02581125,0.022975000000000002,0.013617255102007815,0.011949999999999999,0.07126249999999999,20,0,0,0.02062175,0.032285765625,95% percentile bootstrap over seed-level differences,10000,245062473,
synb2b,M5_legacy,M0,STATIC,review_served_rate,review_served_rate,identity,20,20,0,0.018475625000000002,0.0199725,0.0014968750000000004,0.0014125000000000006,0.0007209149317470056,0.00021250000000000088,0.003612500000000001,20,0,0,0.001205625,0.001830640625,95% percentile bootstrap over seed-level differences,10000,2388011817,
synb2b,M5_legacy,M0,STATIC,block_rate,block_rate,identity,20,20,0,0.027344374999999997,0.000655,-0.026689374999999998,-0.02675,0.0059122215008960794,-0.0395625,-0.01745,0,20,0,-0.029241296874999996,-0.024209265625,95% percentile bootstrap over seed-level differences,10000,741308721,
synb2b,M5_legacy,M0,STATIC,cost_per_1k,cost_per_1k,identity,20,20,0,173129.1093129735,226217.73778411723,53088.628471143704,50879.06819623282,6789.398208077118,43764.3081290173,70037.61584848128,20,0,0,50321.624481243554,56191.422159981026,95% percentile bootstrap over seed-level differences,10000,3319095362,
synb2b,M5_legacy,M0,STATIC,pd_mae_mean,pd_mae_mean,identity,20,0,,,,,,,,,,,,,,,,,per_seed unavailable -- no paired difference computed (candidate M0: per_seed unavailable for 'pd_mae_mean' (n=0)). Not backfilled with a difference of means.
synb2b,M5_legacy,M0,STATIC,ess_median,ess_median,identity,20,0,,,,,,,,,,,,,,,,,per_seed unavailable -- no paired difference computed (candidate M0: per_seed unavailable for 'ess_median' (n=0)). Not backfilled with a difference of means.
synb2b,M5_legacy,M0,STATIC,cohort_gap_days_mean,cohort_gap_days_mean,identity,20,0,,,,,,,,,,,,,,,,,per_seed unavailable -- no paired difference computed (candidate M0: per_seed unavailable for 'cohort_gap_days_mean' (n=0)). Not backfilled with a difference of means.
synb2b,M5_legacy,M0,STATIC,infeasible_rate,infeasible_rate,identity,20,20,0,0.32125,0.0,-0.32125,-0.32343750000000004,0.048872989257332806,-0.40625,-0.234375,0,20,0,-0.34203125,-0.30046875,95% percentile bootstrap over seed-level differences,10000,1662357725,
synb2b,M5_legacy,M1,CONF-FIXED,bias_ratio_warm,bias_ratio_warm,identity,20,0,,,,,,,,,,,,,,,,,per_seed unavailable -- no paired difference computed (candidate M1: per_seed unavailable for 'bias_ratio_warm' (n=0)). Not backfilled with a difference of means.
synb2b,M5_legacy,M1,CONF-FIXED,bias_ratio_warm_abs_dev_from_target,bias_ratio_warm,abs(x - 1),20,0,,,,,,,,,,,,,,,,,per_seed unavailable -- no paired difference computed (candidate M1: per_seed unavailable for 'bias_ratio_warm' (n=0)). Not backfilled with a difference of means.
synb2b,M5_legacy,M1,CONF-FIXED,for_overall,for_overall,identity,20,20,0,0.02067945892408591,0.02480925780781156,0.004129798883725649,0.004089251899444269,0.0005112383668323583,0.003457526990923835,0.0049972381812079004,20,0,0,0.00391678927143985,0.0043501961148837524,95% percentile bootstrap over seed-level differences,10000,466434157,
synb2b,M5_legacy,M1,CONF-FIXED,quiet_for,quiet_for,identity,20,20,0,0.012421094677870404,0.017366455686446795,0.00494536100857639,0.004925513315032829,0.0006090585175416685,0.0040353732221093085,0.00623285615948233,20,0,0,0.004687713592209832,0.005211353728070272,95% percentile bootstrap over seed-level differences,10000,4096740172,
synb2b,M5_legacy,M1,CONF-FIXED,flag_precision,flag_precision,identity,20,0,,,,,,,,,,,,,,,,,per_seed unavailable -- no paired difference computed (candidate M1: per_seed unavailable for 'flag_precision' (n=0)). Not backfilled with a difference of means.
synb2b,M5_legacy,M1,CONF-FIXED,flag_recall,flag_recall,identity,20,0,,,,,,,,,,,,,,,,,per_seed unavailable -- no paired difference computed (candidate M1: per_seed unavailable for 'flag_recall' (n=0)). Not backfilled with a difference of means.
synb2b,M5_legacy,M1,CONF-FIXED,flag_balanced_acc,flag_balanced_acc,identity,20,0,,,,,,,,,,,,,,,,,per_seed unavailable -- no paired difference computed (candidate M1: per_seed unavailable for 'flag_balanced_acc' (n=0)). Not backfilled with a difference of means.
synb2b,M5_legacy,M1,CONF-FIXED,review_demand_rate,review_demand_rate,identity,20,20,0,0.022866875000000002,0.048678125,0.02581125,0.022975000000000002,0.013617255102007815,0.011949999999999999,0.07126249999999999,20,0,0,0.020673,0.032391265625,95% percentile bootstrap over seed-level differences,10000,1811948035,
synb2b,M5_legacy,M1,CONF-FIXED,review_served_rate,review_served_rate,identity,20,20,0,0.018475625000000002,0.0199725,0.0014968750000000004,0.0014125000000000006,0.0007209149317470056,0.00021250000000000088,0.003612500000000001,20,0,0,0.0012043750000000002,0.0018256250000000002,95% percentile bootstrap over seed-level differences,10000,3946140131,
synb2b,M5_legacy,M1,CONF-FIXED,block_rate,block_rate,identity,20,20,0,0.027344374999999997,0.000655,-0.026689374999999998,-0.02675,0.0059122215008960794,-0.0395625,-0.01745,0,20,0,-0.02927878125,-0.024252390625000002,95% percentile bootstrap over seed-level differences,10000,3079451906,
synb2b,M5_legacy,M1,CONF-FIXED,cost_per_1k,cost_per_1k,identity,20,20,0,173129.1093129735,226217.73778411723,53088.628471143704,50879.06819623282,6789.398208077118,43764.3081290173,70037.61584848128,20,0,0,50405.98005331471,56192.12326810714,95% percentile bootstrap over seed-level differences,10000,407275207,
synb2b,M5_legacy,M1,CONF-FIXED,pd_mae_mean,pd_mae_mean,identity,20,0,,,,,,,,,,,,,,,,,per_seed unavailable -- no paired difference computed (candidate M1: per_seed unavailable for 'pd_mae_mean' (n=0)). Not backfilled with a difference of means.
synb2b,M5_legacy,M1,CONF-FIXED,ess_median,ess_median,identity,20,0,,,,,,,,,,,,,,,,,per_seed unavailable -- no paired difference computed (candidate M1: per_seed unavailable for 'ess_median' (n=0)). Not backfilled with a difference of means.
synb2b,M5_legacy,M1,CONF-FIXED,cohort_gap_days_mean,cohort_gap_days_mean,identity,20,0,,,,,,,,,,,,,,,,,per_seed unavailable -- no paired difference computed (candidate M1: per_seed unavailable for 'cohort_gap_days_mean' (n=0)). Not backfilled with a difference of means.
synb2b,M5_legacy,M1,CONF-FIXED,infeasible_rate,infeasible_rate,identity,20,20,0,0.32125,0.0,-0.32125,-0.32343750000000004,0.048872989257332806,-0.40625,-0.234375,0,20,0,-0.34265625,-0.30046875,95% percentile bootstrap over seed-level differences,10000,3837025178,
synb2b,M5_legacy,M2,COST-THRESH,bias_ratio_warm,bias_ratio_warm,identity,20,20,0,0.8773186242408733,0.11626391830846872,-0.7610547059324044,-0.7500280878600478,0.05286731343988211,-0.8935065305508532,-0.6850358967540644,0,20,0,-0.7847499604387302,-0.7397719406861281,95% percentile bootstrap over seed-level differences,10000,2590703731,
synb2b,M5_legacy,M2,COST-THRESH,bias_ratio_warm_abs_dev_from_target,bias_ratio_warm,abs(x - 1),20,20,0,0.12474184814525571,0.8837360816915313,0.7589942335462756,0.7500280878600478,0.04801363750591348,0.6850358967540644,0.8522970828282757,20,0,0,0.7388080459243227,0.7801014800037521,95% percentile bootstrap over seed-level differences,10000,76522329,
synb2b,M5_legacy,M2,COST-THRESH,for_overall,for_overall,identity,20,20,0,0.02067945892408591,0.01947181219053194,-0.001207646733553969,-0.0012142813305535804,0.00035845173800148997,-0.0020725464993034404,-0.00043948998025333114,0,20,0,-0.0013658445165788784,-0.0010557186428318056,95% percentile bootstrap over seed-level differences,10000,2785219879,
synb2b,M5_legacy,M2,COST-THRESH,quiet_for,quiet_for,identity,20,20,0,0.012421094677870404,0.011243097275824726,-0.001177997402045678,-0.0012133177491031322,0.0003691189423243664,-0.0019071282451412937,-0.0006421339451112718,0,20,0,-0.0013363275283310716,-0.0010259437520403216,95% percentile bootstrap over seed-level differences,10000,1842408781,
synb2b,M5_legacy,M2,COST-THRESH,flag_precision,flag_precision,identity,20,20,0,0.9237710499748211,0.3748860060026156,-0.5488850439722054,-0.5892720556279878,0.10503990000667747,-0.6351351351351351,-0.2816053511705686,0,20,0,-0.5905143617080321,-0.5012469808659296,95% percentile bootstrap over seed-level differences,10000,2260552870,
synb2b,M5_legacy,M2,COST-THRESH,flag_recall,flag_recall,identity,20,20,0,0.8399318713526451,0.9990867389491243,0.1591548675964791,0.14838266707354286,0.06427948107169203,0.0636363636363636,0.3090075062552128,20,0,0,0.13218363353855225,0.18702297927486822,95% percentile bootstrap over seed-level differences,10000,1426476646,
synb2b,M5_legacy,M2,COST-THRESH,flag_balanced_acc,flag_balanced_acc,identity,20,20,0,0.8979726050187642,0.5588875102520244,-0.3390850947667396,-0.34144548215775256,0.04515920490421777,-0.41367944851357186,-0.2292207792207792,0,20,0,-0.357787033486256,-0.3195070855965201,95% percentile bootstrap over seed-level differences,10000,3584035523,
synb2b,M5_legacy,M2,COST-THRESH,review_demand_rate,review_demand_rate,identity,20,20,0,0.022866875000000002,0.0246925,0.0018256250000000002,0.0015562499999999986,0.0009036428013878049,0.0007999999999999986,0.003974999999999999,20,0,0,0.0014562343749999994,0.0022299999999999998,95% percentile bootstrap over seed-level differences,10000,3294162125,
synb2b,M5_legacy,M2,COST-THRESH,review_served_rate,review_served_rate,identity,20,20,0,0.018475625000000002,0.019450000000000002,0.0009743750000000002,0.0008062500000000014,0.000500221579192135,0.00013749999999999873,0.0018750000000000017,20,0,0,0.0007656250000000004,0.00119375,95% percentile bootstrap over seed-level differences,10000,1151081645,
synb2b,M5_legacy,M2,COST-THRESH,block_rate,block_rate,identity,20,20,0,0.027344374999999997,0.087871875,0.0605275,0.0598375,0.005220754381867575,0.052849999999999994,0.0704375,20,0,0,0.058358093750000006,0.062778140625,95% percentile bootstrap over seed-level differences,10000,3222726322,
synb2b,M5_legacy,M2,COST-THRESH,cost_per_1k,cost_per_1k,identity,20,20,0,173129.1093129735,160220.64599699326,-12908.463315980252,-12929.107600504212,2809.333649067883,-19610.70715137574,-6980.2986768043775,0,20,0,-14156.9709594386,-11751.552469195678,95% percentile bootstrap over seed-level differences,10000,2777721613,
synb2b,M5_legacy,M2,COST-THRESH,pd_mae_mean,pd_mae_mean,identity,20,0,,,,,,,,,,,,,,,,,per_seed unavailable -- no paired difference computed (candidate M2: per_seed unavailable for 'pd_mae_mean' (n=0)). Not backfilled with a difference of means.
synb2b,M5_legacy,M2,COST-THRESH,ess_median,ess_median,identity,20,20,0,37107.951274830106,930.1846966413179,-36177.766578188784,-36280.94491604253,339.46734322593073,-36556.82138568093,-35459.479169999555,0,20,0,-36317.63811072269,-36025.52512942541,95% percentile bootstrap over seed-level differences,10000,4088086264,
synb2b,M5_legacy,M2,COST-THRESH,cohort_gap_days_mean,cohort_gap_days_mean,identity,20,0,,,,,,,,,,,,,,,,,per_seed unavailable -- no paired difference computed (candidate M2: per_seed unavailable for 'cohort_gap_days_mean' (n=0)). Not backfilled with a difference of means.
synb2b,M5_legacy,M2,COST-THRESH,infeasible_rate,infeasible_rate,identity,20,20,0,0.32125,0.9220312500000001,0.60078125,0.6046874999999999,0.043865859278000796,0.525,0.690625,20,0,0,0.5818749999999999,0.62015625,95% percentile bootstrap over seed-level differences,10000,3072983326,
synb2b,M5_legacy,M3,ACI-BUDGET,bias_ratio_warm,bias_ratio_warm,identity,20,20,0,0.8773186242408733,0.08884446517566327,-0.7884741590652099,-0.7803372579553407,0.0576634078312512,-0.9303032644438762,-0.700112092361387,0,20,0,-0.8139377433809205,-0.7649454275247023,95% percentile bootstrap over seed-level differences,10000,500222900,
synb2b,M5_legacy,M3,ACI-BUDGET,bias_ratio_warm_abs_dev_from_target,bias_ratio_warm,abs(x - 1),20,20,0,0.12474184814525571,0.9111555348243368,0.786413686679081,0.7803372579553407,0.05286537663915098,0.7001120923613872,0.8890938167212987,20,0,0,0.7639836608819168,0.809133801373123,95% percentile bootstrap over seed-level differences,10000,2222962250,
synb2b,M5_legacy,M3,ACI-BUDGET,for_overall,for_overall,identity,20,20,0,0.02067945892408591,0.019971830775161143,-0.0007076281489247658,-0.0006779174914239086,0.0002457810130325126,-0.001248586614534343,-0.00032589485260922993,0,20,0,-0.0008144788861498606,-0.0006046461320873126,95% percentile bootstrap over seed-level differences,10000,2073611682,
synb2b,M5_legacy,M3,ACI-BUDGET,quiet_for,quiet_for,identity,20,20,0,0.012421094677870404,0.012278429946248517,-0.0001426647316218873,-0.00020952655296126513,0.00026821409970459524,-0.0005836660530002587,0.00029237787197458967,6,14,0,-0.00025675389183964773,-2.4591017252022885e-05,95% percentile bootstrap over seed-level differences,10000,2890052493,
synb2b,M5_legacy,M3,ACI-BUDGET,flag_precision,flag_precision,identity,20,20,0,0.9237710499748211,0.9153083635797351,-0.008462686395085888,-0.06958126840479778,0.1058273780593956,-0.09278350515463918,0.27051282051282044,7,13,0,-0.05015954286296765,0.0405215896201168,95% percentile bootstrap over seed-level differences,10000,685039159,
synb2b,M5_legacy,M3,ACI-BUDGET,flag_recall,flag_recall,identity,20,20,0,0.8399318713526451,0.7460322048455705,-0.0938996665070746,-0.10556691992986555,0.06970136154412365,-0.20353982300884954,0.036363636363636376,2,17,1,-0.12292352024248847,-0.06393108099681397,95% percentile bootstrap over seed-level differences,10000,2291374051,
synb2b,M5_legacy,M3,ACI-BUDGET,flag_balanced_acc,flag_balanced_acc,identity,20,20,0,0.8979726050187642,0.8545396470565436,-0.04343295796222047,-0.062480965719893755,0.052820813600201195,-0.10901628831601906,0.10496326812116297,4,16,0,-0.06451422522865104,-0.019673133275677133,95% percentile bootstrap over seed-level differences,10000,41781915,
synb2b,M5_legacy,M3,ACI-BUDGET,review_demand_rate,review_demand_rate,identity,20,20,0,0.022866875000000002,0.024988749999999997,0.0021218749999999996,0.0020812499999999998,0.0010340889948849206,0.0006500000000000013,0.0045499999999999985,20,0,0,0.0016874999999999993,0.0025881406249999993,95% percentile bootstrap over seed-level differences,10000,2704414607,
synb2b,M5_legacy,M3,ACI-BUDGET,review_served_rate,review_served_rate,identity,20,20,0,0.018475625000000002,0.019078125,0.0006025000000000006,0.0004812500000000008,0.0004807751416640685,-0.0003125000000000003,0.0017250000000000008,19,1,0,0.000398750000000001,0.0008125000000000004,95% percentile bootstrap over seed-level differences,10000,570353519,
synb2b,M5_legacy,M3,ACI-BUDGET,block_rate,block_rate,identity,20,20,0,0.027344374999999997,0.042217500000000005,0.014873125000000001,0.013874999999999998,0.005031007921603466,0.007987500000000002,0.0241,20,0,0,0.012787468750000003,0.017109453125,95% percentile bootstrap over seed-level differences,10000,1538402977,
synb2b,M5_legacy,M3,ACI-BUDGET,cost_per_1k,cost_per_1k,identity,20,20,0,173129.1093129735,164709.45288634,-8419.656426633535,-8043.865047575557,2328.2524847830987,-14062.666979307483,-4725.72839312072,0,20,0,-9464.918714710671,-7476.155556566593,95% percentile bootstrap over seed-level differences,10000,2015032208,
synb2b,M5_legacy,M3,ACI-BUDGET,pd_mae_mean,pd_mae_mean,identity,20,0,,,,,,,,,,,,,,,,,per_seed unavailable -- no paired difference computed (candidate M3: per_seed unavailable for 'pd_mae_mean' (n=0)). Not backfilled with a difference of means.
synb2b,M5_legacy,M3,ACI-BUDGET,ess_median,ess_median,identity,20,20,0,37107.951274830106,940.4411718762318,-36167.51010295387,-36256.35690543466,342.44701138412415,-36564.963541356585,-35455.49249572928,0,20,0,-36304.3033873942,-36018.48912636174,95% percentile bootstrap over seed-level differences,10000,1745744731,
synb2b,M5_legacy,M3,ACI-BUDGET,cohort_gap_days_mean,cohort_gap_days_mean,identity,20,0,,,,,,,,,,,,,,,,,per_seed unavailable -- no paired difference computed (candidate M3: per_seed unavailable for 'cohort_gap_days_mean' (n=0)). Not backfilled with a difference of means.
synb2b,M5_legacy,M3,ACI-BUDGET,infeasible_rate,infeasible_rate,identity,20,20,0,0.32125,0.28375,-0.03750000000000001,-0.029687500000000006,0.0421951138353595,-0.10625000000000001,0.03437499999999999,4,16,0,-0.05546875,-0.019843750000000014,95% percentile bootstrap over seed-level differences,10000,814730337,
synb2b,M5_legacy,M4,ACI-BUDGET-CRC,bias_ratio_warm,bias_ratio_warm,identity,20,20,0,0.8773186242408733,0.05332938826175902,-0.8239892359791142,-0.8156294693473425,0.05609291854028199,-0.9625011110463005,-0.7410846558459987,0,20,0,-0.8490053390629857,-0.8006041010889913,95% percentile bootstrap over seed-level differences,10000,1029601147,
synb2b,M5_legacy,M4,ACI-BUDGET-CRC,bias_ratio_warm_abs_dev_from_target,bias_ratio_warm,abs(x - 1),20,20,0,0.12474184814525571,0.946670611738241,0.8219287635929853,0.8156294693473425,0.05128824970611154,0.7410846558459987,0.921291663323723,20,0,0,0.8002631429224017,0.8442994798426879,95% percentile bootstrap over seed-level differences,10000,2957876377,
synb2b,M5_legacy,M4,ACI-BUDGET-CRC,for_overall,for_overall,identity,20,20,0,0.02067945892408591,0.020110791538572093,-0.0005686673855138149,-0.0005721978326562235,0.0001741252621251689,-0.0009203692080053429,-0.00024612774922348757,0,20,0,-0.0006420243070405786,-0.0004926677013479785,95% percentile bootstrap over seed-level differences,10000,115723130,
synb2b,M5_legacy,M4,ACI-BUDGET-CRC,quiet_for,quiet_for,identity,20,20,0,0.012421094677870404,0.012174151966457544,-0.00024694271141286167,-0.0002768262716303519,0.0002542843874961495,-0.0006184083557068103,0.00022063267692197866,5,15,0,-0.0003535189073306545,-0.00013719618808501929,95% percentile bootstrap over seed-level differences,10000,2239473418,
synb2b,M5_legacy,M4,ACI-BUDGET-CRC,flag_precision,flag_precision,identity,20,20,0,0.9237710499748211,0.6912043694881314,-0.23256668048668966,-0.2831820956820957,0.11250691888724063,-0.33333333333333337,0.04772370486656197,1,19,0,-0.2771733451734787,-0.18250052792286645,95% percentile bootstrap over seed-level differences,10000,3576423938,
synb2b,M5_legacy,M4,ACI-BUDGET-CRC,flag_recall,flag_recall,identity,20,20,0,0.8399318713526451,0.6062769566526324,-0.2336549147000128,-0.23066502463054184,0.05874343549212823,-0.33628318584070804,-0.1454545454545454,0,20,0,-0.2588791844648873,-0.2084791370272704,95% percentile bootstrap over seed-level differences,10000,4125266491,
synb2b,M5_legacy,M4,ACI-BUDGET-CRC,flag_balanced_acc,flag_balanced_acc,identity,20,20,0,0.8979726050187642,0.7311399833905676,-0.1668326216281964,-0.18305526114583637,0.05014992031517178,-0.22852806635030576,-0.037758400916295676,0,20,0,-0.1871927115951519,-0.1440336706748267,95% percentile bootstrap over seed-level differences,10000,1212416468,
synb2b,M5_legacy,M4,ACI-BUDGET-CRC,review_demand_rate,review_demand_rate,identity,20,20,0,0.022866875000000002,0.0254075,0.0025406250000000003,0.0023500000000000014,0.0009248744135941123,0.0014874999999999992,0.0047750000000000015,20,0,0,0.0021656093749999996,0.002954390625,95% percentile bootstrap over seed-level differences,10000,1081438752,
synb2b,M5_legacy,M4,ACI-BUDGET-CRC,review_served_rate,review_served_rate,identity,20,20,0,0.018475625000000002,0.019106249999999998,0.0006306250000000004,0.0005812500000000019,0.0004133956584130222,-0.00023749999999999813,0.0015499999999999993,19,1,0,0.00045560937500000066,0.000809375,95% percentile bootstrap over seed-level differences,10000,3233448448,
synb2b,M5_legacy,M4,ACI-BUDGET-CRC,block_rate,block_rate,identity,20,20,0,0.027344374999999997,0.03617625,0.008831875,0.010512500000000001,0.005263451556363392,-0.0002500000000000002,0.0180375,19,1,0,0.006545531250000001,0.01107253125,95% percentile bootstrap over seed-level differences,10000,791249938,
synb2b,M5_legacy,M4,ACI-BUDGET-CRC,cost_per_1k,cost_per_1k,identity,20,20,0,173129.1093129735,167381.8785976449,-5747.230715328619,-5693.939372899957,1688.0076870864834,-9246.07688356188,-3016.1567935520143,0,20,0,-6481.609508164718,-5036.37918350969,95% percentile bootstrap over seed-level differences,10000,90961368,
synb2b,M5_legacy,M4,ACI-BUDGET-CRC,pd_mae_mean,pd_mae_mean,identity,20,0,,,,,,,,,,,,,,,,,per_seed unavailable -- no paired difference computed (candidate M4: per_seed unavailable for 'pd_mae_mean' (n=0)). Not backfilled with a difference of means.
synb2b,M5_legacy,M4,ACI-BUDGET-CRC,ess_median,ess_median,identity,20,20,0,37107.951274830106,939.8377399237546,-36168.11353490634,-36267.749153691366,345.1555111256176,-36559.54893266337,-35447.66539846925,0,20,0,-36307.117719757414,-36010.17276549782,95% percentile bootstrap over seed-level differences,10000,479583192,
synb2b,M5_legacy,M4,ACI-BUDGET-CRC,cohort_gap_days_mean,cohort_gap_days_mean,identity,20,0,,,,,,,,,,,,,,,,,per_seed unavailable -- no paired difference computed (candidate M4: per_seed unavailable for 'cohort_gap_days_mean' (n=0)). Not backfilled with a difference of means.
synb2b,M5_legacy,M4,ACI-BUDGET-CRC,infeasible_rate,infeasible_rate,identity,20,20,0,0.32125,0.30484374999999997,-0.016406250000000004,-0.004687500000000011,0.041045082623449414,-0.09999999999999998,0.04062500000000002,8,11,1,-0.03437890625,0.0003124999999999961,95% percentile bootstrap over seed-level differences,10000,270366742,
synb2b,M5_legacy,M5,ACI-BUDGET-CRC-IAP,bias_ratio_warm,bias_ratio_warm,identity,20,20,0,0.8773186242408733,0.8286292781993113,-0.0486893460415619,-0.05528580490214419,0.028862649490712433,-0.10459364605972399,-0.0011326800482305277,0,20,0,-0.0612499319203435,-0.036442950666912645,95% percentile bootstrap over seed-level differences,10000,3137158332,
synb2b,M5_legacy,M5,ACI-BUDGET-CRC-IAP,bias_ratio_warm_abs_dev_from_target,bias_ratio_warm,abs(x - 1),20,20,0,0.12474184814525571,0.17137072180068874,0.04662887365543303,0.05528580490214419,0.02620547388815594,0.0011326800482305277,0.10459364605972399,20,0,0,0.035215642950292975,0.05773887931274656,95% percentile bootstrap over seed-level differences,10000,817728394,
synb2b,M5_legacy,M5,ACI-BUDGET-CRC-IAP,for_overall,for_overall,identity,20,20,0,0.02067945892408591,0.020562836850587306,-0.00011662207349860173,-8.900792507818972e-05,9.695109890732593e-05,-0.00036647148313429315,-1.0136527412031582e-05,0,20,0,-0.00016084783121577474,-7.769804702896078e-05,95% percentile bootstrap over seed-level differences,10000,3681817343,
synb2b,M5_legacy,M5,ACI-BUDGET-CRC-IAP,quiet_for,quiet_for,identity,20,20,0,0.012421094677870404,0.012420370063452446,-7.246144179594294e-07,0.0,3.240574192067457e-06,-1.4492288359188588e-05,0.0,0,1,19,-2.173843253878288e-06,0.0,95% percentile bootstrap over seed-level differences,10000,1156970954,
synb2b,M5_legacy,M5,ACI-BUDGET-CRC-IAP,flag_precision,flag_precision,identity,20,20,0,0.9237710499748211,0.9133065462409705,-0.010464503733850472,0.0,0.026948488027249834,-0.08999999999999997,0.009401709401709368,7,4,9,-0.023029730564790737,-0.000332509992045117,95% percentile bootstrap over seed-level differences,10000,2068018323,
synb2b,M5_legacy,M5,ACI-BUDGET-CRC-IAP,flag_recall,flag_recall,identity,20,20,0,0.8399318713526451,0.8731379549989983,0.033206083646353045,0.035098522167487656,0.018940608784310132,0.0,0.07758620689655171,18,0,2,0.02532556662473831,0.04140135787966937,95% percentile bootstrap over seed-level differences,10000,679037118,
synb2b,M5_legacy,M5,ACI-BUDGET-CRC-IAP,flag_balanced_acc,flag_balanced_acc,identity,20,20,0,0.8979726050187642,0.9113167765842313,0.013344171565467255,0.015501423600126574,0.010513859331164513,-0.008017586964955359,0.03181818181818197,16,2,2,0.008654200763794055,0.017750022676964464,95% percentile bootstrap over seed-level differences,10000,2678161804,
synb2b,M5_legacy,M5,ACI-BUDGET-CRC-IAP,review_demand_rate,review_demand_rate,identity,20,20,0,0.022866875000000002,0.023135,0.0002681250000000003,0.00021250000000000088,0.000263655820052144,-7.499999999999868e-05,0.0007875,17,3,0,0.00016000000000000026,0.0003862500000000003,95% percentile bootstrap over seed-level differences,10000,622103386,
synb2b,M5_legacy,M5,ACI-BUDGET-CRC-IAP,review_served_rate,review_served_rate,identity,20,20,0,0.018475625000000002,0.018633749999999998,0.00015812500000000063,0.00015000000000000083,0.00018506200063478042,-6.250000000000006e-05,0.0006374999999999992,16,1,3,8.623437499999975e-05,0.00024250000000000037,95% percentile bootstrap over seed-level differences,10000,2782886714,
synb2b,M5_legacy,M5,ACI-BUDGET-CRC-IAP,block_rate,block_rate,identity,20,20,0,0.027344374999999997,0.02952125,0.002176875,0.001299999999999999,0.0019976724737804244,0.0001250000000000001,0.006787499999999998,20,0,0,0.0013824375000000002,0.0030637499999999996,95% percentile bootstrap over seed-level differences,10000,3029258305,
synb2b,M5_legacy,M5,ACI-BUDGET-CRC-IAP,cost_per_1k,cost_per_1k,identity,20,20,0,173129.1093129735,171921.13042464003,-1207.9788883334986,-949.322635246368,1030.1509785892283,-3378.5668509063253,150.11181120565743,1,19,0,-1656.8699324006602,-780.1519249711749,95% percentile bootstrap over seed-level differences,10000,3640503637,
synb2b,M5_legacy,M5,ACI-BUDGET-CRC-IAP,pd_mae_mean,pd_mae_mean,identity,20,20,0,0.1566091956724569,0.15788438650274972,0.0012751908302928217,0.0008169964769518256,0.003545039254672926,-0.0058410837495783685,0.010330591901381664,14,6,0,-0.00017180496180494188,0.00280594341685832,95% percentile bootstrap over seed-level differences,10000,3149499791,
synb2b,M5_legacy,M5,ACI-BUDGET-CRC-IAP,ess_median,ess_median,identity,20,20,0,37107.951274830106,37010.44331252291,-97.50796230718916,-41.68276728461569,166.68083040012874,-700.8538878055842,0.0,0,15,5,-178.31815621428046,-37.972246200834924,95% percentile bootstrap over seed-level differences,10000,2268239739,
synb2b,M5_legacy,M5,ACI-BUDGET-CRC-IAP,cohort_gap_days_mean,cohort_gap_days_mean,identity,20,20,0,87.01907820471516,39.67790317669751,-47.341175028017645,-47.51489572422372,1.1837521849502495,-49.2101598710213,-44.46262625786515,0,20,0,-47.83135442749309,-46.80098950530938,95% percentile bootstrap over seed-level differences,10000,3593393465,
synb2b,M5_legacy,M5,ACI-BUDGET-CRC-IAP,infeasible_rate,infeasible_rate,identity,20,20,0,0.32125,0.33703125,0.015781249999999993,0.012500000000000011,0.012437136334276,0.0,0.05312499999999998,18,0,2,0.0109375,0.02140624999999999,95% percentile bootstrap over seed-level differences,10000,2545696089,
synb2b,M5_legacy,M5_oracle,M5 with oracle propensity,bias_ratio_warm,bias_ratio_warm,identity,20,20,0,0.8773186242408733,1.0862191872278957,0.20890056298702242,0.2021685470014975,0.07542042781408631,0.0515052240727365,0.31891321560341335,20,0,0,0.17644356373204864,0.24032935037939812,95% percentile bootstrap over seed-level differences,10000,3092446935,
synb2b,M5_legacy,M5_oracle,M5 with oracle propensity,bias_ratio_warm_abs_dev_from_target,bias_ratio_warm,abs(x - 1),20,20,0,0.12474184814525571,0.08621918722789558,-0.03852266091736014,-0.06557328383424749,0.06981496677463292,-0.1315470267988973,0.07156267893616008,7,13,0,-0.06762089946582835,-0.008040940653479912,95% percentile bootstrap over seed-level differences,10000,1526286980,
synb2b,M5_legacy,M5_oracle,M5 with oracle propensity,for_overall,for_overall,identity,20,20,0,0.02067945892408591,0.021138420314118722,0.00045896139003281553,0.00044246797874269994,0.00018600861250212572,0.00016552357191682715,0.0007668006044959479,20,0,0,0.00038103698972824946,0.0005411487468960041,95% percentile bootstrap over seed-level differences,10000,2000134175,
synb2b,M5_legacy,M5_oracle,M5 with oracle propensity,quiet_for,quiet_for,identity,20,20,0,0.012421094677870404,0.01269487750487156,0.00027378282700115454,0.0002262656953739093,0.00018842099453807422,-5.637408832670152e-06,0.0007634870334093293,19,1,0,0.00019905687897095895,0.0003583799812164355,95% percentile bootstrap over seed-level differences,10000,1379679255,
synb2b,M5_legacy,M5_oracle,M5 with oracle propensity,flag_precision,flag_precision,identity,20,20,0,0.9237710499748211,0.9401297968508262,0.016358746876005126,0.0,0.06162573998269776,-0.07999999999999996,0.16950880444856342,7,7,6,-0.008232142327224285,0.04463465015303682,95% percentile bootstrap over seed-level differences,10000,3163853396,
synb2b,M5_legacy,M5_oracle,M5 with oracle propensity,flag_recall,flag_recall,identity,20,20,0,0.8399318713526451,0.5638376936258187,-0.27609417772682643,-0.2928571428571428,0.06081791279197649,-0.38053097345132747,-0.1785714285714286,0,20,0,-0.3014481477417149,-0.24965624701669195,95% percentile bootstrap over seed-level differences,10000,2218051038,
synb2b,M5_legacy,M5_oracle,M5 with oracle propensity,flag_balanced_acc,flag_balanced_acc,identity,20,20,0,0.8979726050187642,0.7712448057637492,-0.12672779925501487,-0.14561054859609623,0.04469901283527784,-0.1781881920396735,-0.030118421615151103,0,20,0,-0.14463865396558742,-0.10680132207151197,95% percentile bootstrap over seed-level differences,10000,359635891,
synb2b,M5_legacy,M5_oracle,M5 with oracle propensity,review_demand_rate,review_demand_rate,identity,20,20,0,0.022866875000000002,0.022355,-0.0005118750000000002,-0.0004437499999999997,0.0003698211472063932,-0.0013500000000000005,-6.250000000000006e-05,0,20,0,-0.0006787656250000005,-0.00036062500000000016,95% percentile bootstrap over seed-level differences,10000,3796872376,
synb2b,M5_legacy,M5_oracle,M5 with oracle propensity,review_served_rate,review_served_rate,identity,20,20,0,0.018475625000000002,0.018163125,-0.00031249999999999957,-0.00023749999999999986,0.0002241210903906513,-0.0007749999999999979,-2.5000000000000716e-05,0,20,0,-0.00041251562499999947,-0.00022000000000000022,95% percentile bootstrap over seed-level differences,10000,1652874456,
synb2b,M5_legacy,M5_oracle,M5 with oracle propensity,block_rate,block_rate,identity,20,20,0,0.027344374999999997,0.01755875,-0.009785625,-0.00958125,0.0028763591609926448,-0.015999999999999997,-0.0035625000000000014,0,20,0,-0.011010640625,-0.008559953125000002,95% percentile bootstrap over seed-level differences,10000,1291481174,
synb2b,M5_legacy,M5_oracle,M5 with oracle propensity,cost_per_1k,cost_per_1k,identity,20,20,0,173129.1093129735,178422.94237240136,5293.833059427838,4562.071423682573,2555.8339568968318,1173.8970855276566,10570.702990174555,20,0,0,4219.934723487595,6391.16491781795,95% percentile bootstrap over seed-level differences,10000,1958355509,
synb2b,M5_legacy,M5_oracle,M5 with oracle propensity,pd_mae_mean,pd_mae_mean,identity,20,0,,,,,,,,,,,,,,,,,per_seed unavailable -- no paired difference computed (candidate M5_oracle: per_seed unavailable for 'pd_mae_mean' (n=0)). Not backfilled with a difference of means.
synb2b,M5_legacy,M5_oracle,M5 with oracle propensity,ess_median,ess_median,identity,20,20,0,37107.951274830106,37413.873252877514,305.9219780474083,257.4303579224106,182.06153939100636,19.006899199383042,675.0015146186342,20,0,0,229.70970415829717,385.74131249889797,95% percentile bootstrap over seed-level differences,10000,2135340948,
synb2b,M5_legacy,M5_oracle,M5 with oracle propensity,cohort_gap_days_mean,cohort_gap_days_mean,identity,20,0,,,,,,,,,,,,,,,,,per_seed unavailable -- no paired difference computed (candidate M5_oracle: per_seed unavailable for 'cohort_gap_days_mean' (n=0)). Not backfilled with a difference of means.
synb2b,M5_legacy,M5_oracle,M5 with oracle propensity,infeasible_rate,infeasible_rate,identity,20,20,0,0.32125,0.210625,-0.110625,-0.10781250000000002,0.027736720388227894,-0.171875,-0.0625,0,20,0,-0.12265625,-0.09875,95% percentile bootstrap over seed-level differences,10000,2500984634,
synb2b,M5_legacy,M5_strictmatch,M5_strictmatch,bias_ratio_warm,bias_ratio_warm,identity,20,20,0,0.8773186242408733,0.4926879137440811,-0.38463071049679204,-0.40952019470600787,0.14597873982753568,-0.552258381382016,-0.01623628796266552,0,20,0,-0.44322171077063527,-0.3200331623373572,95% percentile bootstrap over seed-level differences,10000,54630283,
synb2b,M5_legacy,M5_strictmatch,M5_strictmatch,bias_ratio_warm_abs_dev_from_target,bias_ratio_warm,abs(x - 1),20,20,0,0.12474184814525571,0.5073120862559188,0.3825702381106632,0.4095201947060079,0.14595732832425265,0.01623628796266552,0.552258381382016,20,0,0,0.3184748267899333,0.44029680787559605,95% percentile bootstrap over seed-level differences,10000,3375223377,
synb2b,M5_legacy,M5_strictmatch,M5_strictmatch,for_overall,for_overall,identity,20,20,0,0.02067945892408591,0.021097783076832466,0.000418324152746557,0.0006778806043632978,0.000578641277366999,-0.0008081315769727371,0.0009519512379676763,15,5,0,0.00015667212542481795,0.0006428102963544484,95% percentile bootstrap over seed-level differences,10000,3009526738,
synb2b,M5_legacy,M5_strictmatch,M5_strictmatch,quiet_for,quiet_for,identity,20,20,0,0.012421094677870404,0.012684450293883326,0.00026335561601292074,0.0002966044317379117,0.00017717930429366271,0.0,0.0006378062971539675,17,0,3,0.00018819014235468061,0.0003373285656301885,95% percentile bootstrap over seed-level differences,10000,2759209664,
synb2b,M5_legacy,M5_strictmatch,M5_strictmatch,flag_precision,flag_precision,identity,20,20,0,0.9237710499748211,0.8548699952864529,-0.06890105468836805,-0.05645115620575747,0.04806197492158926,-0.19606003752345225,0.0,0,19,1,-0.09096379429775435,-0.04930157434397999,95% percentile bootstrap over seed-level differences,10000,2793328297,
synb2b,M5_legacy,M5_strictmatch,M5_strictmatch,flag_recall,flag_recall,identity,20,20,0,0.8399318713526451,0.5092433115630253,-0.3306885597896199,-0.3927022518765638,0.22881159350230237,-0.5090909090909091,0.2272727272727273,3,17,0,-0.41879944240617534,-0.22394551320160552,95% percentile bootstrap over seed-level differences,10000,1080451603,
synb2b,M5_legacy,M5_strictmatch,M5_strictmatch,flag_balanced_acc,flag_balanced_acc,identity,20,20,0,0.8979726050187642,0.7201163190666398,-0.17785628595212435,-0.20582979892406394,0.0982745498487744,-0.2622549019607844,0.04935064935064948,3,17,0,-0.21644727535667868,-0.13172427511680543,95% percentile bootstrap over seed-level differences,10000,2892753334,
synb2b,M5_legacy,M5_strictmatch,M5_strictmatch,review_demand_rate,review_demand_rate,identity,20,20,0,0.022866875000000002,0.02297375,0.0001068750000000002,1.2500000000000358e-05,0.000532720102152005,-0.0011125000000000024,0.0012500000000000011,10,9,1,-0.00011750000000000024,0.00033500000000000007,95% percentile bootstrap over seed-level differences,10000,2459901133,
synb2b,M5_legacy,M5_strictmatch,M5_strictmatch,review_served_rate,review_served_rate,identity,20,20,0,0.018475625000000002,0.018537500000000002,6.187500000000081e-05,6.250000000001046e-06,0.0002500485150294255,-0.0003124999999999968,0.0006749999999999985,10,9,1,-3.9999999999999244e-05,0.0001718750000000005,95% percentile bootstrap over seed-level differences,10000,307358893,
synb2b,M5_legacy,M5_strictmatch,M5_strictmatch,block_rate,block_rate,identity,20,20,0,0.027344374999999997,0.022246250000000002,-0.005098125,-0.00911875,0.009382906556290484,-0.01445,0.014887500000000005,5,15,0,-0.00884653125,-0.0008610625000000022,95% percentile bootstrap over seed-level differences,10000,2077809263,
synb2b,M5_legacy,M5_strictmatch,M5_strictmatch,cost_per_1k,cost_per_1k,identity,20,20,0,173129.1093129735,178658.5966623255,5529.4873493519535,8368.288752713663,6742.887563118745,-9220.351900896057,12733.81384840209,15,5,0,2490.5389267785013,8218.198890060361,95% percentile bootstrap over seed-level differences,10000,2968520064,
synb2b,M5_legacy,M5_strictmatch,M5_strictmatch,pd_mae_mean,pd_mae_mean,identity,20,20,0,0.1566091956724569,0.2598309518192577,0.1032217561468008,0.1039594555568014,0.005063938809631082,0.09389270090138802,0.11475803019840389,20,0,0,0.10110159126045094,0.10536360214874274,95% percentile bootstrap over seed-level differences,10000,3551274274,
synb2b,M5_legacy,M5_strictmatch,M5_strictmatch,ess_median,ess_median,identity,20,20,0,37107.951274830106,11657.59745281278,-25450.35382201732,-23790.554500377417,2270.9576305969626,-28487.822665368647,-23338.332391951884,0,20,0,-26404.342382797768,-24517.16536481038,95% percentile bootstrap over seed-level differences,10000,1215071021,
synb2b,M5_legacy,M5_strictmatch,M5_strictmatch,cohort_gap_days_mean,cohort_gap_days_mean,identity,20,20,0,87.01907820471516,0.35713427632967215,-86.66194392838548,-86.91355038476149,0.9426769163969245,-88.24150185141568,-84.05998993220575,0,20,0,-87.04763976963316,-86.23463667742455,95% percentile bootstrap over seed-level differences,10000,2502856019,
synb2b,M5_legacy,M5_strictmatch,M5_strictmatch,infeasible_rate,infeasible_rate,identity,20,20,0,0.32125,0.2225,-0.09875,-0.1296875,0.10201203650601856,-0.171875,0.16249999999999998,3,17,0,-0.1371875,-0.05203125000000001,95% percentile bootstrap over seed-level differences,10000,771921894,
synb2b,M5_legacy,M5_joint_static,M5_joint_static,bias_ratio_warm,bias_ratio_warm,identity,20,20,0,0.8773186242408733,1.1683660282111707,0.29104740397029766,0.37245741201355115,0.2619528175708087,-0.12074775780485136,0.7966791054989352,16,4,0,0.17897342831044624,0.4025324449078925,95% percentile bootstrap over seed-level differences,10000,944984195,
synb2b,M5_legacy,M5_joint_static,M5_joint_static,bias_ratio_warm_abs_dev_from_target,bias_ratio_warm,abs(x - 1),20,20,0,0.12474184814525571,0.27170305190312893,0.14696120375787322,0.12874175118624526,0.16559526817029627,-0.12978640065293312,0.5489982353073025,16,4,0,0.07897601696025135,0.21985183991658697,95% percentile bootstrap over seed-level differences,10000,2220535148,
synb2b,M5_legacy,M5_joint_static,M5_joint_static,for_overall,for_overall,identity,20,20,0,0.02067945892408591,0.020530776567082736,-0.00014868235700316973,-0.00023973526380009422,0.0007910372647658709,-0.0019410639364614256,0.0010765828113995443,8,12,0,-0.00048946915680951,0.00018405828641794865,95% percentile bootstrap over seed-level differences,10000,2682542890,
synb2b,M5_legacy,M5_joint_static,M5_joint_static,quiet_for,quiet_for,identity,20,20,0,0.012421094677870404,0.012029395902725188,-0.0003916987751452175,-0.0004081231248058521,0.0005441757647020382,-0.0016936039004753108,0.00044012853984753617,6,14,0,-0.0006307730565736523,-0.0001664192326677126,95% percentile bootstrap over seed-level differences,10000,1173017155,
synb2b,M5_legacy,M5_joint_static,M5_joint_static,flag_precision,flag_precision,identity,20,20,0,0.9237710499748211,0.54463135202159,-0.379139697953231,-0.42052855168365944,0.20389819021031244,-0.6326530612244898,0.010829296095753671,1,18,1,-0.460822407704223,-0.289336734281263,95% percentile bootstrap over seed-level differences,10000,3650883273,
synb2b,M5_legacy,M5_joint_static,M5_joint_static,flag_recall,flag_recall,identity,20,20,0,0.8399318713526451,0.7702053506513324,-0.06972652070131272,0.054761904761904734,0.26541244632249145,-0.46491228070175444,0.3090075062552128,11,9,0,-0.18192519150397415,0.040604705397358616,95% percentile bootstrap over seed-level differences,10000,1827209323,
synb2b,M5_legacy,M5_joint_static,M5_joint_static,flag_balanced_acc,flag_balanced_acc,identity,20,20,0,0.8979726050187642,0.6648520877722204,-0.23312051724654373,-0.24813441249466772,0.1063387660767658,-0.3949077238550923,0.0004379237858460616,1,19,0,-0.27686145505656806,-0.1869863083398704,95% percentile bootstrap over seed-level differences,10000,1639239616,
synb2b,M5_legacy,M5_joint_static,M5_joint_static,review_demand_rate,review_demand_rate,identity,20,20,0,0.022866875000000002,0.023053125,0.0001862500000000003,-5.624999999999901e-05,0.0012512027108683114,-0.0020499999999999997,0.0029124999999999984,9,11,0,-0.00033876562499999993,0.0007331250000000005,95% percentile bootstrap over seed-level differences,10000,1921445109,
synb2b,M5_legacy,M5_joint_static,M5_joint_static,review_served_rate,review_served_rate,identity,20,20,0,0.018475625000000002,0.01878875,0.0003131250000000006,0.00023125000000000055,0.000611612877971025,-0.0009874999999999988,0.0016375,13,6,1,6.123437500000057e-05,0.0005762500000000004,95% percentile bootstrap over seed-level differences,10000,4064943381,
synb2b,M5_legacy,M5_joint_static,M5_joint_static,block_rate,block_rate,identity,20,20,0,0.027344374999999997,0.05423625,0.026891875,0.028243749999999998,0.027070020765781994,-0.01565,0.0695375,15,5,0,0.015245578125000003,0.038554390625000004,95% percentile bootstrap over seed-level differences,10000,552184341,
synb2b,M5_legacy,M5_joint_static,M5_joint_static,cost_per_1k,cost_per_1k,identity,20,20,0,173129.1093129735,171734.08542027505,-1395.0238926984675,-3635.5714132621797,9356.23539519683,-18380.653874857497,16085.06299719718,8,12,0,-5319.803579003684,2648.278376997344,95% percentile bootstrap over seed-level differences,10000,2624414984,
synb2b,M5_legacy,M5_joint_static,M5_joint_static,pd_mae_mean,pd_mae_mean,identity,20,20,0,0.1566091956724569,0.2835497829021788,0.12694058722972196,0.1250542811734829,0.05294856005538913,0.006597674388732044,0.216794736773473,20,0,0,0.10438963026393655,0.14948289577849247,95% percentile bootstrap over seed-level differences,10000,4280927706,
synb2b,M5_legacy,M5_joint_static,M5_joint_static,ess_median,ess_median,identity,20,20,0,37107.951274830106,33041.50276657148,-4066.4485082586225,-3443.2135537623544,3361.0815802381317,-12281.804697969244,1061.2846102798794,2,18,0,-5564.552779378695,-2709.6553951920077,95% percentile bootstrap over seed-level differences,10000,324366807,
synb2b,M5_legacy,M5_joint_static,M5_joint_static,cohort_gap_days_mean,cohort_gap_days_mean,identity,20,20,0,87.01907820471516,39.74710576414853,-47.27197244056663,-47.42903990971965,1.123817976824869,-49.37885208561331,-44.79477428941559,0,20,0,-47.739336427965554,-46.78134112624433,95% percentile bootstrap over seed-level differences,10000,1871902802,
synb2b,M5_legacy,M5_joint_static,M5_joint_static,infeasible_rate,infeasible_rate,identity,20,20,0,0.32125,0.5548437500000001,0.23359375,0.25312500000000004,0.263899922702343,-0.196875,0.684375,14,6,0,0.11984375,0.34641015624999993,95% percentile bootstrap over seed-level differences,10000,353521902,
synb2b,M5_legacy,M5_joint_slow,M5_joint_slow,bias_ratio_warm,bias_ratio_warm,identity,20,20,0,0.8773186242408733,1.1474650969210292,0.270146472680156,0.3635358763106819,0.26370447406328323,-0.16629236835794048,0.7963783201164575,16,4,0,0.15544849015051918,0.38149198547045904,95% percentile bootstrap over seed-level differences,10000,1179526828,
synb2b,M5_legacy,M5_joint_slow,M5_joint_slow,bias_ratio_warm_abs_dev_from_target,bias_ratio_warm,abs(x - 1),20,20,0,0.12474184814525571,0.2658080898240839,0.14106624167882814,0.12797572683560204,0.16284964942156363,-0.12746041645617623,0.5486974499248248,16,4,0,0.0727493269123139,0.21068603727787025,95% percentile bootstrap over seed-level differences,10000,3383698902,
synb2b,M5_legacy,M5_joint_slow,M5_joint_slow,for_overall,for_overall,identity,20,20,0,0.02067945892408591,0.020460085130876576,-0.00021937379320933204,-0.00029710861085502707,0.0008197762798193914,-0.0019426075346942323,0.0011429071176525286,7,13,0,-0.0005724329130788315,0.00011707878178341496,95% percentile bootstrap over seed-level differences,10000,4248568292,
synb2b,M5_legacy,M5_joint_slow,M5_joint_slow,quiet_for,quiet_for,identity,20,20,0,0.012421094677870404,0.01199933858156441,-0.00042175609630599526,-0.0004281043303690675,0.0005465423002165027,-0.001693366206919079,0.00043986068765392884,6,14,0,-0.0006634710904839867,-0.00019387954746537148,95% percentile bootstrap over seed-level differences,10000,53255816,
synb2b,M5_legacy,M5_joint_slow,M5_joint_slow,flag_precision,flag_precision,identity,20,20,0,0.9237710499748211,0.53676431330347,-0.387006736671351,-0.4337954975804755,0.19753943559978737,-0.6301369863013699,0.010829296095753671,1,18,1,-0.46718187523866206,-0.3011179118222128,95% percentile bootstrap over seed-level differences,10000,1976686796,
synb2b,M5_legacy,M5_joint_slow,M5_joint_slow,flag_recall,flag_recall,identity,20,20,0,0.8399318713526451,0.7919178917570395,-0.04801397959560567,0.09787250869977854,0.2724455048875781,-0.46491228070175444,0.3090075062552128,12,8,0,-0.16459638760482578,0.0654129949226686,95% percentile bootstrap over seed-level differences,10000,239164325,
synb2b,M5_legacy,M5_joint_slow,M5_joint_slow,flag_balanced_acc,flag_balanced_acc,identity,20,20,0,0.8979726050187642,0.6658459840200521,-0.23212662099871198,-0.23575431207010156,0.10291164884003652,-0.3949077238550923,0.004902209500131871,1,19,0,-0.27488974704227315,-0.18642052439703619,95% percentile bootstrap over seed-level differences,10000,671192856,
synb2b,M5_legacy,M5_joint_slow,M5_joint_slow,review_demand_rate,review_demand_rate,identity,20,20,0,0.022866875000000002,0.02315375,0.0002868749999999998,0.0001250000000000001,0.0013904720125781597,-0.002037500000000001,0.0033124999999999995,11,9,0,-0.00028376562500000016,0.0008819062499999992,95% percentile bootstrap over seed-level differences,10000,3693000162,
synb2b,M5_legacy,M5_joint_slow,M5_joint_slow,review_served_rate,review_served_rate,identity,20,20,0,0.018475625000000002,0.018866874999999998,0.00039125000000000043,0.00025624999999999953,0.0007036687225197882,-0.0009749999999999967,0.002024999999999999,14,5,1,0.00010125000000000082,0.0007037500000000004,95% percentile bootstrap over seed-level differences,10000,1557251586,
synb2b,M5_legacy,M5_joint_slow,M5_joint_slow,block_rate,block_rate,identity,20,20,0,0.027344374999999997,0.055717499999999996,0.028373125,0.0346375,0.027298519177051863,-0.0156625,0.0694625,16,4,0,0.016603703125,0.039937671875,95% percentile bootstrap over seed-level differences,10000,632307025,
synb2b,M5_legacy,M5_joint_slow,M5_joint_slow,cost_per_1k,cost_per_1k,identity,20,20,0,173129.1093129735,170885.11641738954,-2243.992895583998,-6210.942553043933,9483.608354547287,-18392.18785842089,16834.829141781112,7,13,0,-6243.055239018085,1779.2597949070114,95% percentile bootstrap over seed-level differences,10000,4273324110,
synb2b,M5_legacy,M5_joint_slow,M5_joint_slow,pd_mae_mean,pd_mae_mean,identity,20,20,0,0.1566091956724569,0.2849168815960791,0.12830768592362216,0.12587495553775946,0.05647466630604506,0.005708535196360831,0.23319745996676466,20,0,0,0.10429841532546355,0.15267911412368163,95% percentile bootstrap over seed-level differences,10000,2649857684,
synb2b,M5_legacy,M5_joint_slow,M5_joint_slow,ess_median,ess_median,identity,20,20,0,37107.951274830106,32698.027076477272,-4409.924198352828,-3826.855344122261,3560.8689489814974,-13293.714363235933,1053.4338972458718,2,18,0,-5995.974078522504,-2976.7420627105894,95% percentile bootstrap over seed-level differences,10000,370402443,
synb2b,M5_legacy,M5_joint_slow,M5_joint_slow,cohort_gap_days_mean,cohort_gap_days_mean,identity,20,20,0,87.01907820471516,39.76573375551591,-47.25334444919925,-47.51183347050301,1.213908542967031,-49.37885208561331,-44.09018200689972,0,20,0,-47.76023631617227,-46.72083699070756,95% percentile bootstrap over seed-level differences,10000,4050809580,
synb2b,M5_legacy,M5_joint_slow,M5_joint_slow,infeasible_rate,infeasible_rate,identity,20,20,0,0.32125,0.57515625,0.25390625,0.31875000000000003,0.267192309128773,-0.196875,0.678125,14,6,0,0.13984375,0.36578515625,95% percentile bootstrap over seed-level differences,10000,1796155209,
ulb,M5_legacy,M0,STATIC,bias_ratio_warm,bias_ratio_warm,identity,20,0,,,,,,,,,,,,,,,,,per_seed unavailable -- no paired difference computed (candidate M0: per_seed unavailable for 'bias_ratio_warm' (n=0)). Not backfilled with a difference of means.
ulb,M5_legacy,M0,STATIC,bias_ratio_warm_abs_dev_from_target,bias_ratio_warm,abs(x - 1),20,0,,,,,,,,,,,,,,,,,per_seed unavailable -- no paired difference computed (candidate M0: per_seed unavailable for 'bias_ratio_warm' (n=0)). Not backfilled with a difference of means.
ulb,M5_legacy,M0,STATIC,for_overall,for_overall,identity,20,20,0,0.0009531978617468619,0.0009484144005217603,-4.78346122510165e-06,-6.966529266772296e-06,1.4103109489912852e-05,-2.149430137409847e-05,3.056834722514287e-05,6,14,0,-1.0520150727596651e-05,1.4128273257000223e-06,95% percentile bootstrap over seed-level differences,10000,3215064013,
ulb,M5_legacy,M0,STATIC,quiet_for,quiet_for,identity,20,20,0,0.0003308998323731646,0.0003288695140197754,-2.030318353389254e-06,-6.805138566406613e-06,1.4509776168714103e-05,-2.276212698708904e-05,3.779211642500102e-05,8,12,0,-8.090923879963654e-06,4.4800721484990835e-06,95% percentile bootstrap over seed-level differences,10000,2736253312,
ulb,M5_legacy,M0,STATIC,flag_precision,flag_precision,identity,20,0,,,,,,,,,,,,,,,,,per_seed unavailable -- no paired difference computed (candidate M0: per_seed unavailable for 'flag_precision' (n=0)). Not backfilled with a difference of means.
ulb,M5_legacy,M0,STATIC,flag_recall,flag_recall,identity,20,0,,,,,,,,,,,,,,,,,per_seed unavailable -- no paired difference computed (candidate M0: per_seed unavailable for 'flag_recall' (n=0)). Not backfilled with a difference of means.
ulb,M5_legacy,M0,STATIC,flag_balanced_acc,flag_balanced_acc,identity,20,0,,,,,,,,,,,,,,,,,per_seed unavailable -- no paired difference computed (candidate M0: per_seed unavailable for 'flag_balanced_acc' (n=0)). Not backfilled with a difference of means.
ulb,M5_legacy,M0,STATIC,review_demand_rate,review_demand_rate,identity,20,20,0,0.021496756581199584,0.02383912818307102,0.0023423716018714396,0.0017599606751928926,0.003104490861146296,-0.002747469782221325,0.01111715808045785,18,2,0,0.0011641305969821716,0.003771187556507465,95% percentile bootstrap over seed-level differences,10000,1165008362,
ulb,M5_legacy,M0,STATIC,review_served_rate,review_served_rate,identity,20,20,0,0.01817411760575125,0.01810981979056029,-6.429781519096227e-05,-7.24173345154188e-05,0.0005495684809020047,-0.0019047953442237302,0.0006144501110399124,9,11,0,-0.00031666673981548915,0.00014768747311780776,95% percentile bootstrap over seed-level differences,10000,3315822090,
ulb,M5_legacy,M0,STATIC,block_rate,block_rate,identity,20,20,0,0.0038376798363807135,0.00035681995733960654,-0.0034808598790411066,-0.00198599053746829,0.003242257171849209,-0.01076604373129219,-0.0005178936650193551,0,20,0,-0.004945884500934842,-0.0021837776392826754,95% percentile bootstrap over seed-level differences,10000,219003432,
ulb,M5_legacy,M0,STATIC,cost_per_1k,cost_per_1k,identity,20,20,0,399.82051351352163,377.7258118339814,-22.09470167954016,-17.495920095333616,22.353078695184184,-68.65080771674656,13.620492842049828,3,17,0,-31.953634110323332,-12.853893153321776,95% percentile bootstrap over seed-level differences,10000,3157247335,
ulb,M5_legacy,M0,STATIC,pd_mae_mean,pd_mae_mean,identity,20,0,,,,,,,,,,,,,,,,,per_seed unavailable -- no paired difference computed (candidate M0: per_seed unavailable for 'pd_mae_mean' (n=0)). Not backfilled with a difference of means.
ulb,M5_legacy,M0,STATIC,ess_median,ess_median,identity,20,0,,,,,,,,,,,,,,,,,per_seed unavailable -- no paired difference computed (candidate M0: per_seed unavailable for 'ess_median' (n=0)). Not backfilled with a difference of means.
ulb,M5_legacy,M0,STATIC,cohort_gap_days_mean,cohort_gap_days_mean,identity,20,0,,,,,,,,,,,,,,,,,per_seed unavailable -- no paired difference computed (candidate M0: per_seed unavailable for 'cohort_gap_days_mean' (n=0)). Not backfilled with a difference of means.
ulb,M5_legacy,M0,STATIC,infeasible_rate,infeasible_rate,identity,20,20,0,0.043688254665203076,0.0,-0.043688254665203076,-0.025246981339187707,0.0407162322015413,-0.13830954994511527,-0.006586169045005488,0,20,0,-0.06185510428100989,-0.027166575192096615,95% percentile bootstrap over seed-level differences,10000,4210838177,
ulb,M5_legacy,M1,CONF-FIXED,bias_ratio_warm,bias_ratio_warm,identity,20,0,,,,,,,,,,,,,,,,,per_seed unavailable -- no paired difference computed (candidate M1: per_seed unavailable for 'bias_ratio_warm' (n=0)). Not backfilled with a difference of means.
ulb,M5_legacy,M1,CONF-FIXED,bias_ratio_warm_abs_dev_from_target,bias_ratio_warm,abs(x - 1),20,0,,,,,,,,,,,,,,,,,per_seed unavailable -- no paired difference computed (candidate M1: per_seed unavailable for 'bias_ratio_warm' (n=0)). Not backfilled with a difference of means.
ulb,M5_legacy,M1,CONF-FIXED,for_overall,for_overall,identity,20,20,0,0.0009531978617468619,0.0009484144005217603,-4.78346122510165e-06,-6.966529266772296e-06,1.4103109489912852e-05,-2.149430137409847e-05,3.056834722514287e-05,6,14,0,-1.0472700047256138e-05,1.494918122532751e-06,95% percentile bootstrap over seed-level differences,10000,1647813456,
ulb,M5_legacy,M1,CONF-FIXED,quiet_for,quiet_for,identity,20,20,0,0.0003308998323731646,0.0003288695140197754,-2.030318353389254e-06,-6.805138566406613e-06,1.4509776168714103e-05,-2.276212698708904e-05,3.779211642500102e-05,8,12,0,-7.936058641957333e-06,4.413561550221518e-06,95% percentile bootstrap over seed-level differences,10000,1654241088,
ulb,M5_legacy,M1,CONF-FIXED,flag_precision,flag_precision,identity,20,0,,,,,,,,,,,,,,,,,per_seed unavailable -- no paired difference computed (candidate M1: per_seed unavailable for 'flag_precision' (n=0)). Not backfilled with a difference of means.
ulb,M5_legacy,M1,CONF-FIXED,flag_recall,flag_recall,identity,20,0,,,,,,,,,,,,,,,,,per_seed unavailable -- no paired difference computed (candidate M1: per_seed unavailable for 'flag_recall' (n=0)). Not backfilled with a difference of means.
ulb,M5_legacy,M1,CONF-FIXED,flag_balanced_acc,flag_balanced_acc,identity,20,0,,,,,,,,,,,,,,,,,per_seed unavailable -- no paired difference computed (candidate M1: per_seed unavailable for 'flag_balanced_acc' (n=0)). Not backfilled with a difference of means.
ulb,M5_legacy,M1,CONF-FIXED,review_demand_rate,review_demand_rate,identity,20,20,0,0.021496756581199584,0.02383912818307102,0.0023423716018714396,0.0017599606751928926,0.003104490861146296,-0.002747469782221325,0.01111715808045785,18,2,0,0.0011415001799461037,0.0037659647305636258,95% percentile bootstrap over seed-level differences,10000,537487152,
ulb,M5_legacy,M1,CONF-FIXED,review_served_rate,review_served_rate,identity,20,20,0,0.01817411760575125,0.01810981979056029,-6.429781519096227e-05,-7.24173345154188e-05,0.0005495684809020047,-0.0019047953442237302,0.0006144501110399124,9,11,0,-0.00032741961675868825,0.00014747351281128493,95% percentile bootstrap over seed-level differences,10000,2697369424,
ulb,M5_legacy,M1,CONF-FIXED,block_rate,block_rate,identity,20,20,0,0.0038376798363807135,0.00035681995733960654,-0.0034808598790411066,-0.00198599053746829,0.003242257171849209,-0.01076604373129219,-0.0005178936650193551,0,20,0,-0.004897463637720215,-0.0021630618926818997,95% percentile bootstrap over seed-level differences,10000,2527753739,
ulb,M5_legacy,M1,CONF-FIXED,cost_per_1k,cost_per_1k,identity,20,20,0,399.82051351352163,377.7258118339814,-22.09470167954016,-17.495920095333616,22.353078695184184,-68.65080771674656,13.620492842049828,3,17,0,-31.975884023491524,-12.639602224070247,95% percentile bootstrap over seed-level differences,10000,1639587042,
ulb,M5_legacy,M1,CONF-FIXED,pd_mae_mean,pd_mae_mean,identity,20,0,,,,,,,,,,,,,,,,,per_seed unavailable -- no paired difference computed (candidate M1: per_seed unavailable for 'pd_mae_mean' (n=0)). Not backfilled with a difference of means.
ulb,M5_legacy,M1,CONF-FIXED,ess_median,ess_median,identity,20,0,,,,,,,,,,,,,,,,,per_seed unavailable -- no paired difference computed (candidate M1: per_seed unavailable for 'ess_median' (n=0)). Not backfilled with a difference of means.
ulb,M5_legacy,M1,CONF-FIXED,cohort_gap_days_mean,cohort_gap_days_mean,identity,20,0,,,,,,,,,,,,,,,,,per_seed unavailable -- no paired difference computed (candidate M1: per_seed unavailable for 'cohort_gap_days_mean' (n=0)). Not backfilled with a difference of means.
ulb,M5_legacy,M1,CONF-FIXED,infeasible_rate,infeasible_rate,identity,20,20,0,0.043688254665203076,0.0,-0.043688254665203076,-0.025246981339187707,0.0407162322015413,-0.13830954994511527,-0.006586169045005488,0,20,0,-0.06185510428100989,-0.027771679473106475,95% percentile bootstrap over seed-level differences,10000,2103280094,
ulb,M5_legacy,M2,COST-THRESH,bias_ratio_warm,bias_ratio_warm,identity,20,20,0,1.3853870025746589,0.36288945668875405,-1.022497545885905,-1.049244513604051,0.17478746034013004,-1.3459952712214038,-0.5772472624880103,0,20,0,-1.0939047839605258,-0.9442079332114087,95% percentile bootstrap over seed-level differences,10000,59300535,
ulb,M5_legacy,M2,COST-THRESH,bias_ratio_warm_abs_dev_from_target,bias_ratio_warm,abs(x - 1),20,20,0,0.3973946681186756,0.637110543311246,0.2397158751925704,0.2532746611823552,0.21263495725211987,-0.2676610070431442,0.5772472624880104,18,2,0,0.14724106704481618,0.3272575983416772,95% percentile bootstrap over seed-level differences,10000,1513445392,
ulb,M5_legacy,M2,COST-THRESH,for_overall,for_overall,identity,20,20,0,0.0009531978617468619,0.0009228212505140836,-3.0376611232778223e-05,-3.0271098529859844e-05,2.462611929430704e-05,-9.42684766983171e-05,3.7418580192537677e-06,1,19,0,-4.139087945461904e-05,-2.023911234149316e-05,95% percentile bootstrap over seed-level differences,10000,3757936258,
ulb,M5_legacy,M2,COST-THRESH,quiet_for,quiet_for,identity,20,20,0,0.0003308998323731646,0.00032025793571219567,-1.064189666096895e-05,-1.1944596498028007e-05,1.4778043278936746e-05,-3.449980374711168e-05,1.3941838564799313e-05,5,15,0,-1.6939907924679366e-05,-4.384860587230735e-06,95% percentile bootstrap over seed-level differences,10000,4219179329,
ulb,M5_legacy,M2,COST-THRESH,flag_precision,flag_precision,identity,20,18,2,0.46696182927547814,0.7150870414857057,0.2481252122102276,0.23432601880877746,0.3856424998764726,-0.3668261562998405,1.0,13,5,0,0.0762885460103368,0.42231581671503465,95% percentile bootstrap over seed-level differences,10000,1630630569,"2 pair(s) skipped at seed index 1,12 (None/NaN on one or both arms)"
ulb,M5_legacy,M2,COST-THRESH,flag_recall,flag_recall,identity,20,20,0,0.10566908166200506,0.30304158471476544,0.19737250305276038,0.12477059789433015,0.3596756021258344,-0.32238805970149254,0.875,13,6,1,0.04638842234048132,0.3551171907970018,95% percentile bootstrap over seed-level differences,10000,754636099,
ulb,M5_legacy,M2,COST-THRESH,flag_balanced_acc,flag_balanced_acc,identity,20,20,0,0.541595392875484,0.6298688029072637,0.08827341003177974,0.06596936132254605,0.16756885337631744,-0.15685375207296848,0.3935896465602059,13,7,0,0.017496952816225885,0.15970134447427164,95% percentile bootstrap over seed-level differences,10000,663675558,
ulb,M5_legacy,M2,COST-THRESH,review_demand_rate,review_demand_rate,identity,20,20,0,0.021496756581199584,0.02212130122977801,0.0006245446485784263,0.0007044231630136157,0.0005072007101293868,-0.0003247807729782372,0.0014132352553918003,19,1,0,0.0004070731985639429,0.0008406994197835383,95% percentile bootstrap over seed-level differences,10000,2409802598,
ulb,M5_legacy,M2,COST-THRESH,review_served_rate,review_served_rate,identity,20,20,0,0.01817411760575125,0.018307321611965976,0.00013320400621472418,0.0001645848511714048,0.0002550404470645296,-0.00046083758327993343,0.0006276168991336262,13,7,0,2.062796801348322e-05,0.0002396410294672713,95% percentile bootstrap over seed-level differences,10000,258857862,
ulb,M5_legacy,M2,COST-THRESH,block_rate,block_rate,identity,20,20,0,0.0038376798363807135,0.012863293628152347,0.009025613791771634,0.010669487285271631,0.01004495024875814,-0.00956786601476436,0.02611851864856087,15,5,0,0.004695035243102798,0.013218593918699473,95% percentile bootstrap over seed-level differences,10000,3778619323,
ulb,M5_legacy,M2,COST-THRESH,cost_per_1k,cost_per_1k,identity,20,20,0,399.82051351352163,426.90724505912806,27.08673154560646,25.577118501409302,44.30660417260142,-44.315622332941416,111.13647398057611,14,6,0,8.82987699327567,46.155542320718716,95% percentile bootstrap over seed-level differences,10000,3698602160,
ulb,M5_legacy,M2,COST-THRESH,pd_mae_mean,pd_mae_mean,identity,20,0,,,,,,,,,,,,,,,,,per_seed unavailable -- no paired difference computed (candidate M2: per_seed unavailable for 'pd_mae_mean' (n=0)). Not backfilled with a difference of means.
ulb,M5_legacy,M2,COST-THRESH,ess_median,ess_median,identity,20,20,0,88678.24745868785,20090.030036408105,-68588.21742227975,-67892.33648992219,6382.193596427765,-80517.06273514597,-56911.28906203191,0,20,0,-71372.7330154452,-65936.25129515529,95% percentile bootstrap over seed-level differences,10000,3532455937,
ulb,M5_legacy,M2,COST-THRESH,cohort_gap_days_mean,cohort_gap_days_mean,identity,20,0,,,,,,,,,,,,,,,,,per_seed unavailable -- no paired difference computed (candidate M2: per_seed unavailable for 'cohort_gap_days_mean' (n=0)). Not backfilled with a difference of means.
ulb,M5_legacy,M2,COST-THRESH,infeasible_rate,infeasible_rate,identity,20,20,0,0.043688254665203076,0.1079034028540066,0.0642151481888035,0.048298572996706916,0.11515942625789709,-0.12403951701427005,0.3216245883644347,13,7,0,0.015695664105378704,0.11432491767288692,95% percentile bootstrap over seed-level differences,10000,784849754,
ulb,M5_legacy,M3,ACI-BUDGET,bias_ratio_warm,bias_ratio_warm,identity,20,20,0,1.3853870025746589,0.43002186411596294,-0.955365138458696,-0.9675852777003517,0.16297989638599755,-1.2573652660146617,-0.5144624851401389,0,20,0,-1.022388736990165,-0.8822829533898642,95% percentile bootstrap over seed-level differences,10000,2216890744,
ulb,M5_legacy,M3,ACI-BUDGET,bias_ratio_warm_abs_dev_from_target,bias_ratio_warm,abs(x - 1),20,20,0,0.3973946681186756,0.569978135884037,0.1725834677653615,0.17198289141560624,0.22378489380327543,-0.35629101224988635,0.514462485140139,16,4,0,0.07530931352940766,0.2663557481038753,95% percentile bootstrap over seed-level differences,10000,3670360339,
ulb,M5_legacy,M3,ACI-BUDGET,for_overall,for_overall,identity,20,20,0,0.0009531978617468619,0.0008706000481693052,-8.259781357755668e-05,-7.709036782696993e-05,1.9102752652595675e-05,-0.0001319800243197775,-6.33136949821678e-05,0,20,0,-9.132454687286064e-05,-7.49963826457085e-05,95% percentile bootstrap over seed-level differences,10000,40654855,
ulb,M5_legacy,M3,ACI-BUDGET,quiet_for,quiet_for,identity,20,20,0,0.0003308998323731646,0.00025634407568725305,-7.455575668591157e-05,-7.385973648086325e-05,1.9457533981546436e-05,-0.00010708962429467508,-3.394041037869944e-05,0,20,0,-8.253767808645892e-05,-6.62661265192595e-05,95% percentile bootstrap over seed-level differences,10000,989220737,
ulb,M5_legacy,M3,ACI-BUDGET,flag_precision,flag_precision,identity,20,20,0,0.44964064634793033,0.6327587131319572,0.1831180667840268,0.0708015431087819,0.3805182012560857,-0.43574246087288454,0.7889908256880734,13,7,0,0.01874079148699207,0.34650313787931003,95% percentile bootstrap over seed-level differences,10000,3478774840,
ulb,M5_legacy,M3,ACI-BUDGET,flag_recall,flag_recall,identity,20,20,0,0.10566908166200506,0.9635718976748466,0.8579028160128415,0.8854824465546747,0.11283570310540861,0.6179104477611941,1.0,20,0,0,0.8070262484901407,0.902797943094285,95% percentile bootstrap over seed-level differences,10000,4050718150,
ulb,M5_legacy,M3,ACI-BUDGET,flag_balanced_acc,flag_balanced_acc,identity,20,20,0,0.541595392875484,0.8875290471365085,0.3459336542610245,0.36548351546919144,0.074566528746845,0.17078003963249866,0.44494251950629365,20,0,0,0.31296375506557916,0.37535962637444636,95% percentile bootstrap over seed-level differences,10000,4033897086,
ulb,M5_legacy,M3,ACI-BUDGET,review_demand_rate,review_demand_rate,identity,20,20,0,0.021496756581199584,0.022001264011656994,0.0005045074304574144,0.0004323095424102249,0.0007120929424596728,-0.0009699533895701495,0.0022471318346602535,17,3,0,0.0002089075515918645,0.0008178769870877697,95% percentile bootstrap over seed-level differences,10000,3938963620,
ulb,M5_legacy,M3,ACI-BUDGET,review_served_rate,review_served_rate,identity,20,20,0,0.01817411760575125,0.018507017898053948,0.0003329002923026953,0.0003335586317073803,0.00025213796571408096,-0.000333558631707382,0.0007548958507061776,19,1,0,0.0002205437005696826,0.0004404400340580915,95% percentile bootstrap over seed-level differences,10000,1779212484,
ulb,M5_legacy,M3,ACI-BUDGET,block_rate,block_rate,identity,20,20,0,0.0038376798363807135,0.04344710901222756,0.039609429175846846,0.039471836240267545,0.006889706132080319,0.028901099865698762,0.05147336358768642,20,0,0,0.036724558473705926,0.04247443448645138,95% percentile bootstrap over seed-level differences,10000,2056514456,
ulb,M5_legacy,M3,ACI-BUDGET,cost_per_1k,cost_per_1k,identity,20,20,0,399.82051351352163,541.1358648366154,141.3153513230938,153.33103321002153,35.317149752635366,60.388198485141345,195.19114421395238,20,0,0,126.2486807790986,156.19888943744766,95% percentile bootstrap over seed-level differences,10000,31812141,
ulb,M5_legacy,M3,ACI-BUDGET,pd_mae_mean,pd_mae_mean,identity,20,0,,,,,,,,,,,,,,,,,per_seed unavailable -- no paired difference computed (candidate M3: per_seed unavailable for 'pd_mae_mean' (n=0)). Not backfilled with a difference of means.
ulb,M5_legacy,M3,ACI-BUDGET,ess_median,ess_median,identity,20,20,0,88678.24745868785,18206.80795539558,-70471.43950329229,-69510.7744973193,6398.764693602476,-82575.14787567538,-58402.31342547796,0,20,0,-73263.13703015554,-67775.3974063834,95% percentile bootstrap over seed-level differences,10000,1227895890,
ulb,M5_legacy,M3,ACI-BUDGET,cohort_gap_days_mean,cohort_gap_days_mean,identity,20,0,,,,,,,,,,,,,,,,,per_seed unavailable -- no paired difference computed (candidate M3: per_seed unavailable for 'cohort_gap_days_mean' (n=0)). Not backfilled with a difference of means.
ulb,M5_legacy,M3,ACI-BUDGET,infeasible_rate,infeasible_rate,identity,20,20,0,0.043688254665203076,0.38529088913282106,0.341602634467618,0.3413830954994512,0.0700631874354917,0.2502744237102085,0.5631174533479693,20,0,0,0.31448957189901205,0.37321761800219533,95% percentile bootstrap over seed-level differences,10000,2841776669,
ulb,M5_legacy,M4,ACI-BUDGET-CRC,bias_ratio_warm,bias_ratio_warm,identity,20,20,0,1.3853870025746589,0.4320782121016761,-0.9533087904729829,-0.9670727868519349,0.16537236808952807,-1.2842292503187442,-0.5063369724622293,0,20,0,-1.0211309351712445,-0.8803758446784777,95% percentile bootstrap over seed-level differences,10000,2763337151,
ulb,M5_legacy,M4,ACI-BUDGET-CRC,bias_ratio_warm_abs_dev_from_target,bias_ratio_warm,abs(x - 1),20,20,0,0.3973946681186756,0.5679217878983239,0.17052711977964835,0.15541907018654527,0.2214867150369806,-0.3294270279458039,0.5063369724622293,16,4,0,0.07163644044675209,0.26153429881496565,95% percentile bootstrap over seed-level differences,10000,4008896976,
ulb,M5_legacy,M4,ACI-BUDGET-CRC,for_overall,for_overall,identity,20,20,0,0.0009531978617468619,0.0008529486148448901,-0.00010024924690197178,-9.170650112927473e-05,2.5197355665221212e-05,-0.00014960162111513585,-6.509924521580902e-05,0,20,0,-0.00011129643346146148,-8.984600186064847e-05,95% percentile bootstrap over seed-level differences,10000,2132496991,
ulb,M5_legacy,M4,ACI-BUDGET-CRC,quiet_for,quiet_for,identity,20,20,0,0.0003308998323731646,0.0002524501041959484,-7.844972817721627e-05,-7.759462526351825e-05,1.8640700244571168e-05,-0.00011195867066927164,-3.246106450308794e-05,0,20,0,-8.620258839648143e-05,-7.028251995823293e-05,95% percentile bootstrap over seed-level differences,10000,332487422,
ulb,M5_legacy,M4,ACI-BUDGET-CRC,flag_precision,flag_precision,identity,20,20,0,0.44964064634793033,0.42132678664176043,-0.028313859706169897,-0.08193797053149887,0.3493414829241061,-0.5306043786617329,0.49466192170818507,8,12,0,-0.17643872142991185,0.12096034651529727,95% percentile bootstrap over seed-level differences,10000,849533957,
ulb,M5_legacy,M4,ACI-BUDGET-CRC,flag_recall,flag_recall,identity,20,20,0,0.10566908166200506,0.9739925626605466,0.8683234809985416,0.9116820953845538,0.11922025315864837,0.6179104477611941,1.0,20,0,0,0.8162661610145088,0.9168514692382677,95% percentile bootstrap over seed-level differences,10000,2350779294,
ulb,M5_legacy,M4,ACI-BUDGET-CRC,flag_balanced_acc,flag_balanced_acc,identity,20,20,0,0.541595392875484,0.7609662899143725,0.21937089703888862,0.22347978107448896,0.06524765179688828,0.06903423607562587,0.36079996972678424,20,0,0,0.19092369099839762,0.24709160592880922,95% percentile bootstrap over seed-level differences,10000,3125995961,
ulb,M5_legacy,M4,ACI-BUDGET-CRC,review_demand_rate,review_demand_rate,identity,20,20,0,0.021496756581199584,0.021900318636271867,0.0004035620550722858,0.00037086453130623365,0.000667850084149537,-0.0009216751665598703,0.0018652949799425923,16,4,0,0.00012748193955566448,0.0006947730045732649,95% percentile bootstrap over seed-level differences,10000,193214259,
ulb,M5_legacy,M4,ACI-BUDGET-CRC,review_served_rate,review_served_rate,identity,20,20,0,0.01817411760575125,0.018500653950475322,0.00032653634472406786,0.0003072250555199562,0.00025918906954382084,-0.0002984471967908131,0.000790007285622743,19,1,0,0.00021461864592751246,0.00043560123943365214,95% percentile bootstrap over seed-level differences,10000,2337359699,
ulb,M5_legacy,M4,ACI-BUDGET-CRC,block_rate,block_rate,identity,20,20,0,0.0038376798363807135,0.05724700016677932,0.0534093203303986,0.05611246192603776,0.006996015416455327,0.035203602433222445,0.06314352676808019,20,0,0,0.05028790279399244,0.05623579632734391,95% percentile bootstrap over seed-level differences,10000,235651867,
ulb,M5_legacy,M4,ACI-BUDGET-CRC,cost_per_1k,cost_per_1k,identity,20,20,0,399.82051351352163,572.1573863319777,172.33687281845613,180.54028027746958,43.11859052531267,89.73110365602605,249.10106846711403,20,0,0,153.8412757174088,190.74082682143236,95% percentile bootstrap over seed-level differences,10000,2090364917,
ulb,M5_legacy,M4,ACI-BUDGET-CRC,pd_mae_mean,pd_mae_mean,identity,20,0,,,,,,,,,,,,,,,,,per_seed unavailable -- no paired difference computed (candidate M4: per_seed unavailable for 'pd_mae_mean' (n=0)). Not backfilled with a difference of means.
ulb,M5_legacy,M4,ACI-BUDGET-CRC,ess_median,ess_median,identity,20,20,0,88678.24745868785,17904.77484678237,-70773.47261190548,-70022.18678275109,6372.2880832195515,-82674.29496862536,-58653.625992459056,0,20,0,-73502.50174839185,-68120.52523661338,95% percentile bootstrap over seed-level differences,10000,1035442913,
ulb,M5_legacy,M4,ACI-BUDGET-CRC,cohort_gap_days_mean,cohort_gap_days_mean,identity,20,0,,,,,,,,,,,,,,,,,per_seed unavailable -- no paired difference computed (candidate M4: per_seed unavailable for 'cohort_gap_days_mean' (n=0)). Not backfilled with a difference of means.
ulb,M5_legacy,M4,ACI-BUDGET-CRC,infeasible_rate,infeasible_rate,identity,20,20,0,0.043688254665203076,0.5849066959385291,0.541218441273326,0.5647639956092206,0.07404054592205003,0.38309549945115257,0.6114160263446762,20,0,0,0.5081229418221734,0.5706915477497255,95% percentile bootstrap over seed-level differences,10000,2314481234,
ulb,M5_legacy,M5,ACI-BUDGET-CRC-IAP,bias_ratio_warm,bias_ratio_warm,identity,20,20,0,1.3853870025746589,1.2614805142998244,-0.12390648827483441,-0.11882371484696097,0.09616865093233148,-0.2643927127608521,0.07866189503605336,2,18,0,-0.1632927538910883,-0.08178694364651666,95% percentile bootstrap over seed-level differences,10000,588670592,
ulb,M5_legacy,M5,ACI-BUDGET-CRC-IAP,bias_ratio_warm_abs_dev_from_target,bias_ratio_warm,abs(x - 1),20,20,0,0.3973946681186756,0.2759718615450955,-0.12142280657358007,-0.11882371484696097,0.09662326097883366,-0.2643927127608521,0.07866189503605336,3,17,0,-0.16223677565708727,-0.07939387938695835,95% percentile bootstrap over seed-level differences,10000,1845690067,
ulb,M5_legacy,M5,ACI-BUDGET-CRC-IAP,for_overall,for_overall,identity,20,20,0,0.0009531978617468619,0.0009481020822514399,-5.0957794954221776e-06,-1.615196044124894e-06,1.2730050738926507e-05,-4.729006187133647e-05,8.490690990889827e-06,9,11,0,-1.1161839149123674e-05,-3.514339624197776e-07,95% percentile bootstrap over seed-level differences,10000,2727381210,
ulb,M5_legacy,M5,ACI-BUDGET-CRC-IAP,quiet_for,quiet_for,identity,20,20,0,0.0003308998323731646,0.00032520121027872456,-5.698622094440058e-06,-6.185241857320164e-06,7.913156136398119e-06,-2.171134647403766e-05,6.417399274194046e-06,5,15,0,-9.131469125940612e-06,-2.424553085486211e-06,95% percentile bootstrap over seed-level differences,10000,3527574974,
ulb,M5_legacy,M5,ACI-BUDGET-CRC-IAP,flag_precision,flag_precision,identity,20,20,0,0.44964064634793033,0.5511403241494641,0.1014996778015338,0.04432785907377562,0.5097711871926335,-0.8125,0.9640718562874252,13,6,1,-0.11904865798058147,0.3207580990760956,95% percentile bootstrap over seed-level differences,10000,2630568596,
ulb,M5_legacy,M5,ACI-BUDGET-CRC-IAP,flag_recall,flag_recall,identity,20,20,0,0.10566908166200506,0.35589774524992146,0.2502286635879164,0.13257892025368176,0.3252664513397083,-0.2611111111111111,0.8241758241758241,14,5,1,0.11510389239781414,0.3862500794284478,95% percentile bootstrap over seed-level differences,10000,1368118043,
ulb,M5_legacy,M5,ACI-BUDGET-CRC-IAP,flag_balanced_acc,flag_balanced_acc,identity,20,20,0,0.541595392875484,0.6610642092635162,0.11946881638803211,0.06628946012684087,0.15664268932090739,-0.13055555555555554,0.3949411356818764,14,5,1,0.055475600815017415,0.1881710240260748,95% percentile bootstrap over seed-level differences,10000,1840540017,
ulb,M5_legacy,M5,ACI-BUDGET-CRC-IAP,review_demand_rate,review_demand_rate,identity,20,20,0,0.021496756581199584,0.021627327229795566,0.00013057064859598176,0.00011411216347884286,0.00016552769535545627,-9.65564460205584e-05,0.0004959490181964989,15,4,1,6.385892225450537e-05,0.00020276853664317126,95% percentile bootstrap over seed-level differences,10000,1860652537,
ulb,M5_legacy,M5,ACI-BUDGET-CRC-IAP,review_served_rate,review_served_rate,identity,20,20,0,0.01817411760575125,0.018268918480025983,9.480087427472944e-05,8.558412260913084e-05,0.00012121543947545372,-9.65564460205584e-05,0.00031161398488453035,15,4,1,4.366984717747973e-05,0.00014571245490375054,95% percentile bootstrap over seed-level differences,10000,3995745817,
ulb,M5_legacy,M5,ACI-BUDGET-CRC-IAP,block_rate,block_rate,identity,20,20,0,0.0038376798363807135,0.009578838338175785,0.005741158501795072,0.003673533878145765,0.006815234306814976,-0.003879813558280593,0.015602643891049216,16,4,0,0.002901279811802709,0.008595372532324463,95% percentile bootstrap over seed-level differences,10000,2511376184,
ulb,M5_legacy,M5,ACI-BUDGET-CRC-IAP,cost_per_1k,cost_per_1k,identity,20,20,0,399.82051351352163,424.23449993814864,24.41398642462706,16.52279756090141,28.624370977231287,-17.858114691502237,62.83366835494155,17,3,0,12.275853667469967,36.57375421893739,95% percentile bootstrap over seed-level differences,10000,2701342328,
ulb,M5_legacy,M5,ACI-BUDGET-CRC-IAP,pd_mae_mean,pd_mae_mean,identity,20,20,0,0.24978165294348292,0.2815351147048374,0.03175346176135449,0.03282190219348938,0.01409755416407442,-0.008782525664359053,0.05981708623053131,19,1,0,0.025397926783401706,0.037348771964400236,95% percentile bootstrap over seed-level differences,10000,3259439146,
ulb,M5_legacy,M5,ACI-BUDGET-CRC-IAP,ess_median,ess_median,identity,20,20,0,88678.24745868785,99349.09890291534,10670.851444227475,11213.190622207854,6124.237821588144,-1399.88186353333,20615.27171196844,19,1,0,7956.999675058706,13220.465494246706,95% percentile bootstrap over seed-level differences,10000,2786383474,
ulb,M5_legacy,M5,ACI-BUDGET-CRC-IAP,cohort_gap_days_mean,cohort_gap_days_mean,identity,20,20,0,90.25184715223318,1.9754035794644402,-88.27644357276874,-88.13421091925592,0.47505770392114494,-89.44570981391455,-87.75320418549029,0,20,0,-88.49170677201366,-88.0908165684265,95% percentile bootstrap over seed-level differences,10000,826900412,
ulb,M5_legacy,M5,ACI-BUDGET-CRC-IAP,infeasible_rate,infeasible_rate,identity,20,20,0,0.043688254665203076,0.11492864983534576,0.0712403951701427,0.04281009879253568,0.08592843423591129,-0.05159165751920967,0.19209659714599342,14,5,1,0.03391739846322722,0.10773874862788144,95% percentile bootstrap over seed-level differences,10000,240477973,
ulb,M5_legacy,M5_oracle,M5 with oracle propensity,bias_ratio_warm,bias_ratio_warm,identity,20,20,0,1.3853870025746589,1.1614018451982522,-0.22398515737640673,-0.23950222434452995,0.09563453620201698,-0.3416968502889597,0.04122895419193817,1,19,0,-0.26122199668400764,-0.18036234619097652,95% percentile bootstrap over seed-level differences,10000,3961358376,
ulb,M5_legacy,M5_oracle,M5 with oracle propensity,bias_ratio_warm_abs_dev_from_target,bias_ratio_warm,abs(x - 1),20,20,0,0.3973946681186756,0.17802859871158946,-0.2193660694070861,-0.2362015109068727,0.09147652289912661,-0.3416968502889597,-0.04122895419193817,0,20,0,-0.25638870975782224,-0.17842156168137718,95% percentile bootstrap over seed-level differences,10000,1698287894,
ulb,M5_legacy,M5_oracle,M5 with oracle propensity,for_overall,for_overall,identity,20,20,0,0.0009531978617468619,0.0009522163346029211,-9.815271439409131e-07,3.266058032806783e-07,5.0051679173778575e-06,-1.3999204904124266e-05,9.2094298424889e-06,11,9,0,-3.1898490640842214e-06,1.0596553617180361e-06,95% percentile bootstrap over seed-level differences,10000,1019369780,
ulb,M5_legacy,M5_oracle,M5 with oracle propensity,quiet_for,quiet_for,identity,20,20,0,0.0003308998323731646,0.0003260214078879771,-4.8784244851875004e-06,-4.085132134568504e-06,6.951576875024315e-06,-1.9056256607068807e-05,8.055869205824317e-06,7,13,0,-7.819287714307029e-06,-1.8904902230187873e-06,95% percentile bootstrap over seed-level differences,10000,588517704,
ulb,M5_legacy,M5_oracle,M5 with oracle propensity,flag_precision,flag_precision,identity,20,20,0,0.44964064634793033,0.9293695597154434,0.479728913367513,0.42495904995905,0.3495535034768186,0.03968253968253965,1.0,20,0,0,0.33389038174750885,0.6329309837120309,95% percentile bootstrap over seed-level differences,10000,796855142,
ulb,M5_legacy,M5_oracle,M5 with oracle propensity,flag_recall,flag_recall,identity,20,20,0,0.10566908166200506,0.3649393769531091,0.259270295291104,0.2489350716406351,0.17849680994745895,0.019543973941368076,0.7362637362637363,20,0,0,0.18584327764549985,0.3412177299252711,95% percentile bootstrap over seed-level differences,10000,3485926005,
ulb,M5_legacy,M5_oracle,M5 with oracle propensity,flag_balanced_acc,flag_balanced_acc,identity,20,20,0,0.541595392875484,0.6776935882900085,0.13609819541452445,0.12985336564022815,0.0902722599606372,0.013911059818366156,0.3722470944693167,20,0,0,0.09905305993444723,0.17611259253534256,95% percentile bootstrap over seed-level differences,10000,1748826545,
ulb,M5_legacy,M5_oracle,M5 with oracle propensity,review_demand_rate,review_demand_rate,identity,20,20,0,0.021496756581199584,0.021620085496344022,0.00012332891514444023,8.119519324456016e-05,0.00015095888945431933,-2.6333576187424074e-05,0.0005617829586650643,17,3,0,6.605338693679107e-05,0.00019399616407573603,95% percentile bootstrap over seed-level differences,10000,406684921,
ulb,M5_legacy,M5_oracle,M5 with oracle propensity,review_served_rate,review_served_rate,identity,20,20,0,0.01817411760575125,0.01826431010419318,9.019249844193031e-05,5.925054642170503e-05,9.5611828019154e-05,-4.82782230102792e-05,0.0002677246912388201,17,3,0,4.9594901819650755e-05,0.00013276511327826694,95% percentile bootstrap over seed-level differences,10000,2566026521,
ulb,M5_legacy,M5_oracle,M5 with oracle propensity,block_rate,block_rate,identity,20,20,0,0.0038376798363807135,0.007785521799812153,0.003947841963431441,0.003958814286842867,0.0027548798992349265,0.00020627968013482711,0.010191093984533413,20,0,0,0.0028376183913696095,0.005165138953503682,95% percentile bootstrap over seed-level differences,10000,3203106867,
ulb,M5_legacy,M5_oracle,M5 with oracle propensity,cost_per_1k,cost_per_1k,identity,20,20,0,399.82051351352163,417.8125366809335,17.99202316741193,18.37682591034533,12.6595147838037,0.8259259603790952,46.363388082737686,20,0,0,12.691936028157778,23.479327824359128,95% percentile bootstrap over seed-level differences,10000,1062168350,
ulb,M5_legacy,M5_oracle,M5 with oracle propensity,pd_mae_mean,pd_mae_mean,identity,20,0,,,,,,,,,,,,,,,,,per_seed unavailable -- no paired difference computed (candidate M5_oracle: per_seed unavailable for 'pd_mae_mean' (n=0)). Not backfilled with a difference of means.
ulb,M5_legacy,M5_oracle,M5 with oracle propensity,ess_median,ess_median,identity,20,20,0,88678.24745868785,98841.6630280625,10163.415569374632,10785.685273284857,6414.669359925862,-2294.9560705081385,21436.12867995986,17,3,0,7369.580162325639,12866.5029587235,95% percentile bootstrap over seed-level differences,10000,2371346297,
ulb,M5_legacy,M5_oracle,M5 with oracle propensity,cohort_gap_days_mean,cohort_gap_days_mean,identity,20,0,,,,,,,,,,,,,,,,,per_seed unavailable -- no paired difference computed (candidate M5_oracle: per_seed unavailable for 'cohort_gap_days_mean' (n=0)). Not backfilled with a difference of means.
ulb,M5_legacy,M5_oracle,M5 with oracle propensity,infeasible_rate,infeasible_rate,identity,20,20,0,0.043688254665203076,0.09549945115257959,0.05181119648737651,0.05323819978046103,0.03794780105835446,0.0,0.14050493962678373,19,0,1,0.03633369923161361,0.06855104281009879,95% percentile bootstrap over seed-level differences,10000,3244197837,
ulb,M5_legacy,M5_strictmatch,M5_strictmatch,bias_ratio_warm,bias_ratio_warm,identity,20,20,0,1.3853870025746589,1.1095236224317815,-0.2758633801428775,-0.2694215672865511,0.16706598071304737,-0.651421146510685,0.031694099687745725,1,19,0,-0.34827461135231863,-0.20585352176874497,95% percentile bootstrap over seed-level differences,10000,2462720672,
ulb,M5_legacy,M5_strictmatch,M5_strictmatch,bias_ratio_warm_abs_dev_from_target,bias_ratio_warm,abs(x - 1),20,20,0,0.3973946681186756,0.23136260737682446,-0.16603206074185112,-0.19930200242505458,0.19840189393938595,-0.5549668706659134,0.27398268092075817,4,16,0,-0.24983560154324078,-0.08079627484421528,95% percentile bootstrap over seed-level differences,10000,2277227072,
ulb,M5_legacy,M5_strictmatch,M5_strictmatch,for_overall,for_overall,identity,20,20,0,0.0009531978617468619,0.0009323535908212675,-2.0844270925594448e-05,-1.5606581940945613e-05,2.0215274765041474e-05,-7.39017898092818e-05,4.0260687441144236e-06,1,19,0,-3.0060487063426084e-05,-1.2732039407712798e-05,95% percentile bootstrap over seed-level differences,10000,3781055841,
ulb,M5_legacy,M5_strictmatch,M5_strictmatch,quiet_for,quiet_for,identity,20,20,0,0.0003308998323731646,0.00030472401018473156,-2.6175822188433075e-05,-2.3016202079480914e-05,2.0996781169675892e-05,-7.327945689350793e-05,5.028425329292314e-06,1,19,0,-3.557537234997925e-05,-1.7892305104845408e-05,95% percentile bootstrap over seed-level differences,10000,932948234,
ulb,M5_legacy,M5_strictmatch,M5_strictmatch,flag_precision,flag_precision,identity,20,20,0,0.44964064634793033,0.44559192524571234,-0.004048721102218022,-0.012701436850043657,0.5357777883428598,-0.8125,0.944,8,10,2,-0.22631239997103852,0.22365170693880063,95% percentile bootstrap over seed-level differences,10000,1256607339,
ulb,M5_legacy,M5_strictmatch,M5_strictmatch,flag_recall,flag_recall,identity,20,20,0,0.10566908166200506,0.3586252550868447,0.2529561734248396,0.10817865989152103,0.3552621989617829,-0.2611111111111111,0.8360655737704917,12,6,2,0.10177047612068627,0.4095269833018941,95% percentile bootstrap over seed-level differences,10000,307957408,
ulb,M5_legacy,M5_strictmatch,M5_strictmatch,flag_balanced_acc,flag_balanced_acc,identity,20,20,0,0.541595392875484,0.6489771220337575,0.10738172915827356,0.042686482374571205,0.16609575094279885,-0.13807949536403707,0.3949411356818764,12,8,0,0.039119866784031745,0.1803470004115178,95% percentile bootstrap over seed-level differences,10000,1681914683,
ulb,M5_legacy,M5_strictmatch,M5_strictmatch,review_demand_rate,review_demand_rate,identity,20,20,0,0.021496756581199584,0.021290038008128297,-0.00020671857307128487,-0.000258946832509677,0.0003064250969037731,-0.0005968943935816297,0.0004959490181964989,5,14,1,-0.00033334467140085875,-7.241184835371266e-05,95% percentile bootstrap over seed-level differences,10000,22902855,
ulb,M5_legacy,M5_strictmatch,M5_strictmatch,review_served_rate,review_served_rate,identity,20,20,0,0.01817411760575125,0.0182498266372901,7.570903153884656e-05,1.097232341142583e-05,0.00015243571388635297,-0.00015361252775997897,0.00037305899598851985,11,7,2,1.250844868902669e-05,0.00014307909728500864,95% percentile bootstrap over seed-level differences,10000,2173863975,
ulb,M5_legacy,M5_strictmatch,M5_strictmatch,block_rate,block_rate,identity,20,20,0,0.0038376798363807135,0.01238358364860476,0.008545903812224045,0.00437795704115938,0.009058611797107968,-0.002111075024358558,0.026860247711173336,17,3,0,0.004851884606269147,0.01247316169693565,95% percentile bootstrap over seed-level differences,10000,798762016,
ulb,M5_legacy,M5_strictmatch,M5_strictmatch,cost_per_1k,cost_per_1k,identity,20,20,0,399.82051351352163,435.97591480343334,36.15540128991174,19.493920907009425,37.813992577898794,-9.685489321734849,111.75469811545804,18,2,0,20.517322628316517,52.64202067776172,95% percentile bootstrap over seed-level differences,10000,3805506291,
ulb,M5_legacy,M5_strictmatch,M5_strictmatch,pd_mae_mean,pd_mae_mean,identity,20,20,0,0.24978165294348292,0.2904553208967658,0.04067366795328289,0.041457731143328,0.01439714498283422,0.008160278972460133,0.05981708623053131,20,0,0,0.034211563047722354,0.04651851943739461,95% percentile bootstrap over seed-level differences,10000,2174208945,
ulb,M5_legacy,M5_strictmatch,M5_strictmatch,ess_median,ess_median,identity,20,20,0,88678.24745868785,99333.38126072947,10655.13380204161,11616.42363217668,6229.540560499386,-1399.88186353333,20600.444638136498,18,2,0,7923.892616099095,13210.353616914212,95% percentile bootstrap over seed-level differences,10000,472382426,
ulb,M5_legacy,M5_strictmatch,M5_strictmatch,cohort_gap_days_mean,cohort_gap_days_mean,identity,20,20,0,90.25184715223318,0.5348651685291165,-89.71698198370407,-89.72802777032618,0.31902592459412277,-90.63367462476752,-89.29103098960718,0,20,0,-89.86093172716714,-89.58900658897696,95% percentile bootstrap over seed-level differences,10000,1898631415,
ulb,M5_legacy,M5_strictmatch,M5_strictmatch,infeasible_rate,infeasible_rate,identity,20,20,0,0.043688254665203076,0.1363336992316136,0.09264544456641054,0.04939626783754117,0.1080613530730732,-0.03951701427003294,0.3216245883644347,18,2,0,0.04840834248079034,0.1405611964873765,95% percentile bootstrap over seed-level differences,10000,3213566709,
ulb,M5_legacy,M5_joint_static,M5_joint_static,bias_ratio_warm,bias_ratio_warm,identity,20,20,0,1.3853870025746589,0.5939696344438299,-0.7914173681308291,-0.8457622069402322,0.2500046027242808,-1.2402033003209336,-0.3436396080212971,0,20,0,-0.8967426626152178,-0.6827040701963715,95% percentile bootstrap over seed-level differences,10000,3138739573,
ulb,M5_legacy,M5_joint_static,M5_joint_static,bias_ratio_warm_abs_dev_from_target,bias_ratio_warm,abs(x - 1),20,20,0,0.3973946681186756,0.43198580561287037,0.03459113749419477,0.04585507868645744,0.22923697011596658,-0.3734529779436143,0.4504363791856395,11,9,0,-0.06126300883318538,0.13307855028173465,95% percentile bootstrap over seed-level differences,10000,3586866042,
ulb,M5_legacy,M5_joint_static,M5_joint_static,for_overall,for_overall,identity,20,20,0,0.0009531978617468619,0.000905524309491504,-4.767355225535797e-05,-4.5808327755793255e-05,1.9644248484589655e-05,-9.791563001745592e-05,-2.567012822981044e-06,0,20,0,-5.620063769135062e-05,-3.94277429579697e-05,95% percentile bootstrap over seed-level differences,10000,3803756856,
ulb,M5_legacy,M5_joint_static,M5_joint_static,quiet_for,quiet_for,identity,20,20,0,0.0003308998323731646,0.00030219412747284965,-2.8705704900315002e-05,-2.4341376209658603e-05,2.4636574568071743e-05,-0.00010879430784470722,3.458100533258279e-06,1,19,0,-4.016512852005664e-05,-1.9242838741864295e-05,95% percentile bootstrap over seed-level differences,10000,296102068,
ulb,M5_legacy,M5_joint_static,M5_joint_static,flag_precision,flag_precision,identity,20,20,0,0.44964064634793033,0.6957069132222155,0.2460662668742851,0.1970773622383076,0.35014413924997856,-0.3271128271128272,0.840531561461794,16,4,0,0.0958237630553415,0.3992834359215103,95% percentile bootstrap over seed-level differences,10000,1209252818,
ulb,M5_legacy,M5_joint_static,M5_joint_static,flag_recall,flag_recall,identity,20,20,0,0.10566908166200506,0.9034574046352442,0.797788322973239,0.8211164873257746,0.17301767447666683,0.23756906077348067,1.0,20,0,0,0.7147807966391202,0.8629638563050492,95% percentile bootstrap over seed-level differences,10000,296968825,
ulb,M5_legacy,M5_joint_static,M5_joint_static,flag_balanced_acc,flag_balanced_acc,identity,20,20,0,0.541595392875484,0.8784698238718421,0.33687443099635817,0.35895407423457204,0.09303293744535622,0.1338530235374253,0.4423337856173677,20,0,0,0.29534255109740404,0.3734318233140974,95% percentile bootstrap over seed-level differences,10000,4067697970,
ulb,M5_legacy,M5_joint_static,M5_joint_static,review_demand_rate,review_demand_rate,identity,20,20,0,0.021496756581199584,0.021917216014325468,0.00042045943312588355,0.00041694828963422664,0.0004188795657106671,-0.0003160029142490958,0.001343012385558666,17,3,0,0.00024424391913836633,0.0006017331882060689,95% percentile bootstrap over seed-level differences,10000,2014856065,
ulb,M5_legacy,M5_joint_static,M5_joint_static,review_served_rate,review_served_rate,identity,20,20,0,0.01817411760575125,0.01853686261773303,0.00036274501198177726,0.00034233649043652163,0.0002535973567476375,-0.00024139111505139255,0.0008777858729141601,19,1,0,0.00025258288493104994,0.00047313207166243886,95% percentile bootstrap over seed-level differences,10000,4175246241,
ulb,M5_legacy,M5_joint_static,M5_joint_static,block_rate,block_rate,identity,20,20,0,0.0038376798363807135,0.02817012368002949,0.024332443843648778,0.024095222211493728,0.01007460683450627,0.0020671857307128496,0.04715026816358417,20,0,0,0.02004373568111795,0.02866936439524942,95% percentile bootstrap over seed-level differences,10000,1926645406,
ulb,M5_legacy,M5_joint_static,M5_joint_static,cost_per_1k,cost_per_1k,identity,20,20,0,399.82051351352163,494.0657642693929,94.2452507558713,96.98337840524346,41.0138009590991,10.984816498863267,196.16242248657528,20,0,0,77.30067220709023,112.23996581115641,95% percentile bootstrap over seed-level differences,10000,3778742042,
ulb,M5_legacy,M5_joint_static,M5_joint_static,pd_mae_mean,pd_mae_mean,identity,20,20,0,0.24978165294348292,0.29845289080197746,0.048671237858494545,0.055570661294219545,0.025825515518066108,-0.008269460128708966,0.09517194713986257,18,2,0,0.03717816654676558,0.05925666048712749,95% percentile bootstrap over seed-level differences,10000,2189371336,
ulb,M5_legacy,M5_joint_static,M5_joint_static,ess_median,ess_median,identity,20,20,0,88678.24745868785,76493.50370298029,-12184.743755707565,-13109.19916990307,8086.079618829325,-24675.319228138105,4759.148656949008,2,18,0,-15524.869847363707,-8678.526179198483,95% percentile bootstrap over seed-level differences,10000,1097473884,
ulb,M5_legacy,M5_joint_static,M5_joint_static,cohort_gap_days_mean,cohort_gap_days_mean,identity,20,20,0,90.25184715223318,1.9823130620863125,-88.26953409014688,-88.14688300055886,0.49140897936711414,-89.4461211755298,-87.54144331108765,0,20,0,-88.49739257022573,-88.07117445047858,95% percentile bootstrap over seed-level differences,10000,632002383,
ulb,M5_legacy,M5_joint_static,M5_joint_static,infeasible_rate,infeasible_rate,identity,20,20,0,0.043688254665203076,0.3356750823271131,0.29198682766191,0.2870472008781559,0.11050880496031777,0.02305159165751921,0.5038419319429199,20,0,0,0.24385153677277718,0.3384193194291987,95% percentile bootstrap over seed-level differences,10000,2522111520,
ulb,M5_legacy,M5_joint_slow,M5_joint_slow,bias_ratio_warm,bias_ratio_warm,identity,20,20,0,1.3853870025746589,0.584207154850414,-0.8011798477242451,-0.8440201921857167,0.24659802899726363,-1.252561826759917,-0.3473911265535996,0,20,0,-0.904293311342204,-0.6964598285419125,95% percentile bootstrap over seed-level differences,10000,2866194022,
ulb,M5_legacy,M5_joint_slow,M5_joint_slow,bias_ratio_warm_abs_dev_from_target,bias_ratio_warm,abs(x - 1),20,20,0,0.3973946681186756,0.441373133353056,0.04397846523438045,0.0543149472462664,0.2254040888432136,-0.36109445150463115,0.4543640297161108,12,8,0,-0.05182232101723614,0.13971418865951704,95% percentile bootstrap over seed-level differences,10000,1527251192,
ulb,M5_legacy,M5_joint_slow,M5_joint_slow,for_overall,for_overall,identity,20,20,0,0.0009531978617468619,0.0009063001315456606,-4.689773020120123e-05,-4.543641153967429e-05,1.948575565500132e-05,-9.388821366300068e-05,-2.508480916210091e-06,0,20,0,-5.54776118668513e-05,-3.8739902850471004e-05,95% percentile bootstrap over seed-level differences,10000,2843244691,
ulb,M5_legacy,M5_joint_slow,M5_joint_slow,quiet_for,quiet_for,identity,20,20,0,0.0003308998323731646,0.00030336880764313655,-2.7531024730028122e-05,-2.4341376209658603e-05,2.3608710087503966e-05,-0.00010749056455717793,3.458100533258279e-06,1,19,0,-3.829092255329806e-05,-1.8508041241005643e-05,95% percentile bootstrap over seed-level differences,10000,3830429197,
ulb,M5_legacy,M5_joint_slow,M5_joint_slow,flag_precision,flag_precision,identity,20,20,0,0.44964064634793033,0.6848861635690664,0.23524551722113612,0.1987294172585692,0.3399943830752666,-0.3271128271128272,0.840531561461794,16,4,0,0.09580883060104312,0.38360514681573715,95% percentile bootstrap over seed-level differences,10000,2409853197,
ulb,M5_legacy,M5_joint_slow,M5_joint_slow,flag_recall,flag_recall,identity,20,20,0,0.10566908166200506,0.9101573822757738,0.8044883006137686,0.8211164873257746,0.1753184391569714,0.23756906077348067,1.0,20,0,0,0.7223486682864322,0.8727296409207839,95% percentile bootstrap over seed-level differences,10000,1517527890,
ulb,M5_legacy,M5_joint_slow,M5_joint_slow,flag_balanced_acc,flag_balanced_acc,identity,20,20,0,0.541595392875484,0.877153082916252,0.3355576900407681,0.35603094373641125,0.09065412680791525,0.1338530235374253,0.4355495251017639,20,0,0,0.29460630703513657,0.3714049635727183,95% percentile bootstrap over seed-level differences,10000,2873334758,
ulb,M5_legacy,M5_joint_slow,M5_joint_slow,review_demand_rate,review_demand_rate,identity,20,20,0,0.021496756581199584,0.021896149153375524,0.0003993925721759434,0.0003840313193999457,0.0004057552111066753,-0.0003818368547176612,0.0011411216347884112,17,3,0,0.00022492714377254775,0.000575169193227004,95% percentile bootstrap over seed-level differences,10000,340436591,
ulb,M5_legacy,M5_joint_slow,M5_joint_slow,review_served_rate,review_served_rate,identity,20,20,0,0.01817411760575125,0.01853137645602732,0.0003572588502760642,0.00034233649043652163,0.00024684362600525356,-0.00024139111505139255,0.0008690080141850222,19,1,0,0.0002510467596534505,0.0004656708917426691,95% percentile bootstrap over seed-level differences,10000,2491799183,
ulb,M5_legacy,M5_joint_slow,M5_joint_slow,block_rate,block_rate,identity,20,20,0,0.0038376798363807135,0.028765043055397066,0.02492736321901635,0.024211528839654852,0.01074774745140376,0.002111075024358558,0.051644531832904676,20,0,0,0.020345085057451084,0.029657312395214314,95% percentile bootstrap over seed-level differences,10000,3057755771,
ulb,M5_legacy,M5_joint_slow,M5_joint_slow,cost_per_1k,cost_per_1k,identity,20,20,0,399.82051351352163,495.3321160400081,95.51160252648646,92.27623361838968,44.19856005782218,11.23279100796151,216.7754681402186,20,0,0,77.42742128168905,115.73654865518307,95% percentile bootstrap over seed-level differences,10000,2868594369,
ulb,M5_legacy,M5_joint_slow,M5_joint_slow,pd_mae_mean,pd_mae_mean,identity,20,20,0,0.24978165294348292,0.30031659582420717,0.05053494288072423,0.05456334805146895,0.025280333197700174,-0.006220507016088228,0.09777664565104124,19,1,0,0.03929729519345077,0.06118621965320403,95% percentile bootstrap over seed-level differences,10000,3384731619,
ulb,M5_legacy,M5_joint_slow,M5_joint_slow,ess_median,ess_median,identity,20,20,0,88678.24745868785,76383.68539611928,-12294.56206256858,-12883.95045152148,7889.285423674212,-24549.198285014572,4778.338855848211,2,18,0,-15522.636687318167,-8754.623410382586,95% percentile bootstrap over seed-level differences,10000,2247982913,
ulb,M5_legacy,M5_joint_slow,M5_joint_slow,cohort_gap_days_mean,cohort_gap_days_mean,identity,20,20,0,90.25184715223318,1.9836343827621765,-88.268212769471,-88.14688300055886,0.49141492056869723,-89.4461211755298,-87.53966540945346,0,20,0,-88.4900705308674,-88.07108373967075,95% percentile bootstrap over seed-level differences,10000,4226014568,
ulb,M5_legacy,M5_joint_slow,M5_joint_slow,infeasible_rate,infeasible_rate,identity,20,20,0,0.043688254665203076,0.3444017563117453,0.30071350164654226,0.3018660812294182,0.11570276683181366,0.02305159165751921,0.5444566410537871,20,0,0,0.25038419319429195,0.34890367727771676,95% percentile bootstrap over seed-level differences,10000,2274731787,
